path,kind,endpoints,request_lines,auth_script,common_helper,inline_browser_system
_draft/week01a_test.html,AI caller/helper,https://journey-bronzy-fruitily.ngrok-free.dev/api/chat/completions,"650,653",False,False,False
assets/auth-nav.js,auth/integration,,99,False,False,False
assets/cec-admin-check.js,auth/integration,,,False,False,False
assets/learning-progress.js,auth/integration,https://cec-robo-router-production.cecenglishcamp.workers.dev/robo/v1/learning/progress,105,False,False,False
assets/require-auth-v16.js,auth/integration,https://cec-robo-router-production.cecenglishcamp.workers.dev/robo/v1/access/mom-teacher,157,True,False,False
assets/require-auth.js,auth/integration,https://cec-robo-router-production.cecenglishcamp.workers.dev/robo/v1/access/mom-teacher,157,True,False,False
assets/student-context.js,auth/integration,https://cec-robo-router-preview.cecenglishcamp.workers.dev | https://cec-robo-router-production.cecenglishcamp.workers.dev,"135,186",False,False,False
camp-a/assets/ai-tutor.js,AI caller/helper,https://api.cecenglishcamp.com/api/ai/chat/completions,,False,False,False
camp-a/grade3/week01a.html,AI caller/helper,https://cec-robo.cecenglishcamp.workers.dev/api/ai/chat/completions,"379,382",True,True,True
camp-a/grade3/week01b.html,AI caller/helper,https://cec-robo.cecenglishcamp.workers.dev/api/ai/chat/completions,"341,344",True,False,True
camp-a/grade3/week01c.html,AI caller/helper,https://cec-robo.cecenglishcamp.workers.dev/api/ai/chat/completions,"346,349",True,False,True
camp-a/grade3/week02a.html,AI caller/helper,https://cec-robo.cecenglishcamp.workers.dev/api/ai/chat/completions,"346,349",True,True,True
camp-a/grade3/week02b.html,AI caller/helper,https://cec-robo.cecenglishcamp.workers.dev/api/ai/chat/completions,"340,343",True,False,True
camp-a/grade3/week02c.html,AI caller/helper,https://cec-robo.cecenglishcamp.workers.dev/api/ai/chat/completions,"340,343",True,False,True
camp-a/grade3/week03a.html,AI caller/helper,https://cec-robo.cecenglishcamp.workers.dev/api/ai/chat/completions,"340,343",True,False,True
camp-a/grade3/week03b.html,AI caller/helper,https://cec-robo.cecenglishcamp.workers.dev/api/ai/chat/completions,"340,343",True,False,True
camp-a/grade3/week03c.html,AI caller/helper,https://cec-robo.cecenglishcamp.workers.dev/api/ai/chat/completions,"340,343",True,False,True
camp-a/grade3/week04a.html,AI caller/helper,https://cec-robo.cecenglishcamp.workers.dev/api/ai/chat/completions,"340,343",True,False,True
camp-a/grade3/week04b.html,AI caller/helper,https://cec-robo.cecenglishcamp.workers.dev/api/ai/chat/completions,"340,343",True,False,True
camp-a/grade3/week04c.html,AI caller/helper,https://cec-robo.cecenglishcamp.workers.dev/api/ai/chat/completions,"340,343",True,False,True
camp-a/grade3/week05a.html,AI caller/helper,https://cec-robo.cecenglishcamp.workers.dev/api/ai/chat/completions,"340,343",True,False,True
camp-a/grade3/week05b.html,AI caller/helper,https://cec-robo.cecenglishcamp.workers.dev/api/ai/chat/completions,"340,343",True,False,True
camp-a/grade3/week05c.html,AI caller/helper,https://cec-robo.cecenglishcamp.workers.dev/api/ai/chat/completions,"340,343",True,False,True
camp-a/grade3/week06a.html,AI caller/helper,https://cec-robo.cecenglishcamp.workers.dev/api/ai/chat/completions,"340,343",True,False,True
camp-a/grade3/week06b.html,AI caller/helper,https://cec-robo.cecenglishcamp.workers.dev/api/ai/chat/completions,"340,343",True,False,True
camp-a/grade3/week06c.html,AI caller/helper,https://cec-robo.cecenglishcamp.workers.dev/api/ai/chat/completions,"340,343",True,False,True
camp-a/grade3/week07a.html,AI caller/helper,https://cec-robo.cecenglishcamp.workers.dev/api/ai/chat/completions,"340,343",True,False,True
camp-a/grade3/week07b.html,AI caller/helper,https://cec-robo.cecenglishcamp.workers.dev/api/ai/chat/completions,"340,343",True,False,True
camp-a/grade3/week07c.html,AI caller/helper,https://cec-robo.cecenglishcamp.workers.dev/api/ai/chat/completions,"340,343",True,False,True
camp-a/grade3/week08a.html,AI caller/helper,https://cec-robo.cecenglishcamp.workers.dev/api/ai/chat/completions,"340,343",True,False,True
camp-a/grade3/week08b.html,AI caller/helper,https://cec-robo.cecenglishcamp.workers.dev/api/ai/chat/completions,"340,343",True,False,True
camp-a/grade3/week08c.html,AI caller/helper,https://cec-robo.cecenglishcamp.workers.dev/api/ai/chat/completions,"340,343",True,False,True
camp-a/grade3/week09a.html,AI caller/helper,https://cec-robo.cecenglishcamp.workers.dev/api/ai/chat/completions,"340,343",True,False,True
camp-a/grade3/week09b.html,AI caller/helper,https://cec-robo.cecenglishcamp.workers.dev/api/ai/chat/completions,"340,343",True,False,True
camp-a/grade3/week09c.html,AI caller/helper,https://cec-robo.cecenglishcamp.workers.dev/api/ai/chat/completions,"340,343",True,False,True
camp-a/grade3/week10a.html,AI caller/helper,https://cec-robo.cecenglishcamp.workers.dev/api/ai/chat/completions,"340,343",True,False,True
camp-a/grade3/week10b.html,AI caller/helper,https://cec-robo.cecenglishcamp.workers.dev/api/ai/chat/completions,"340,343",True,False,True
camp-a/grade3/week10c.html,AI caller/helper,https://cec-robo.cecenglishcamp.workers.dev/api/ai/chat/completions,"340,343",True,False,True
camp-a/grade3/week11a.html,AI caller/helper,https://cec-robo.cecenglishcamp.workers.dev/api/ai/chat/completions,"340,343",True,False,True
camp-a/grade3/week11b.html,AI caller/helper,https://cec-robo.cecenglishcamp.workers.dev/api/ai/chat/completions,"340,343",True,False,True
camp-a/grade3/week11c.html,AI caller/helper,https://cec-robo.cecenglishcamp.workers.dev/api/ai/chat/completions,"340,343",True,False,True
camp-a/grade3/week12a.html,AI caller/helper,https://cec-robo.cecenglishcamp.workers.dev/api/ai/chat/completions,"340,343",True,False,True
camp-a/grade3/week12b.html,AI caller/helper,https://cec-robo.cecenglishcamp.workers.dev/api/ai/chat/completions,"340,343",True,False,True
camp-a/grade3/week12c.html,AI caller/helper,https://cec-robo.cecenglishcamp.workers.dev/api/ai/chat/completions,"340,343",True,False,True
camp-a/grade3/week13a.html,AI caller/helper,https://cec-robo.cecenglishcamp.workers.dev/api/ai/chat/completions,"340,343",True,False,True
camp-a/grade3/week13b.html,AI caller/helper,https://cec-robo.cecenglishcamp.workers.dev/api/ai/chat/completions,"340,343",True,False,True
camp-a/grade3/week13c.html,AI caller/helper,https://cec-robo.cecenglishcamp.workers.dev/api/ai/chat/completions,"340,343",True,False,True
camp-a/grade3/week14a.html,AI caller/helper,https://cec-robo.cecenglishcamp.workers.dev/api/ai/chat/completions,"340,343",True,False,True
camp-a/grade3/week14b.html,AI caller/helper,https://cec-robo.cecenglishcamp.workers.dev/api/ai/chat/completions,"340,343",True,False,True
camp-a/grade3/week14c.html,AI caller/helper,https://cec-robo.cecenglishcamp.workers.dev/api/ai/chat/completions,"340,343",True,False,True
camp-a/grade3/week15a.html,AI caller/helper,https://cec-robo.cecenglishcamp.workers.dev/api/ai/chat/completions,"339,342",True,False,True
camp-a/grade3/week15b.html,AI caller/helper,https://cec-robo.cecenglishcamp.workers.dev/api/ai/chat/completions,"339,342",True,False,True
camp-a/grade3/week15c.html,AI caller/helper,https://cec-robo.cecenglishcamp.workers.dev/api/ai/chat/completions,"339,342",True,False,True
camp-a/grade3/week16a.html,AI caller/helper,https://cec-robo.cecenglishcamp.workers.dev/api/ai/chat/completions,"339,342",True,False,True
camp-a/grade3/week16b.html,AI caller/helper,https://cec-robo.cecenglishcamp.workers.dev/api/ai/chat/completions,"339,342",True,False,True
camp-a/grade3/week16c.html,AI caller/helper,https://cec-robo.cecenglishcamp.workers.dev/api/ai/chat/completions,"339,342",True,False,True
camp-a/grade3/week17a.html,AI caller/helper,https://cec-robo.cecenglishcamp.workers.dev/api/ai/chat/completions,"339,342",True,False,True
camp-a/grade3/week17b.html,AI caller/helper,https://cec-robo.cecenglishcamp.workers.dev/api/ai/chat/completions,"339,342",True,False,True
camp-a/grade3/week17c.html,AI caller/helper,https://cec-robo.cecenglishcamp.workers.dev/api/ai/chat/completions,"339,342",True,False,True
camp-a/grade3/week18a.html,AI caller/helper,https://cec-robo.cecenglishcamp.workers.dev/api/ai/chat/completions,"339,342",True,False,True
camp-a/grade3/week18b.html,AI caller/helper,https://cec-robo.cecenglishcamp.workers.dev/api/ai/chat/completions,"339,342",True,False,True
camp-a/grade3/week18c.html,AI caller/helper,https://cec-robo.cecenglishcamp.workers.dev/api/ai/chat/completions,"339,342",True,False,True
camp-a/grade3/week19a.html,AI caller/helper,https://cec-robo.cecenglishcamp.workers.dev/api/ai/chat/completions,"339,342",True,False,True
camp-a/grade3/week19b.html,AI caller/helper,https://cec-robo.cecenglishcamp.workers.dev/api/ai/chat/completions,"339,342",True,False,True
camp-a/grade3/week19c.html,AI caller/helper,https://cec-robo.cecenglishcamp.workers.dev/api/ai/chat/completions,"339,342",True,False,True
camp-a/grade3/week20a.html,AI caller/helper,https://cec-robo.cecenglishcamp.workers.dev/api/ai/chat/completions,"339,342",True,False,True
camp-a/grade3/week20b.html,AI caller/helper,https://cec-robo.cecenglishcamp.workers.dev/api/ai/chat/completions,"339,342",True,False,True
camp-a/grade3/week20c.html,AI caller/helper,https://cec-robo.cecenglishcamp.workers.dev/api/ai/chat/completions,"339,342",True,False,True
camp-a/grade3/week21a.html,AI caller/helper,https://cec-robo.cecenglishcamp.workers.dev/api/ai/chat/completions,"339,342",True,False,True
camp-a/grade3/week21b.html,AI caller/helper,https://cec-robo.cecenglishcamp.workers.dev/api/ai/chat/completions,"339,342",True,False,True
camp-a/grade3/week21c.html,AI caller/helper,https://cec-robo.cecenglishcamp.workers.dev/api/ai/chat/completions,"339,342",True,False,True
camp-a/grade3/week22a.html,AI caller/helper,https://cec-robo.cecenglishcamp.workers.dev/api/ai/chat/completions,"339,342",True,False,True
camp-a/grade3/week22b.html,AI caller/helper,https://cec-robo.cecenglishcamp.workers.dev/api/ai/chat/completions,"339,342",True,False,True
camp-a/grade3/week22c.html,AI caller/helper,https://cec-robo.cecenglishcamp.workers.dev/api/ai/chat/completions,"339,342",True,False,True
camp-a/grade3/week23a.html,AI caller/helper,https://cec-robo.cecenglishcamp.workers.dev/api/ai/chat/completions,"339,342",True,False,True
camp-a/grade3/week23b.html,AI caller/helper,https://cec-robo.cecenglishcamp.workers.dev/api/ai/chat/completions,"339,342",True,False,True
camp-a/grade3/week23c.html,AI caller/helper,https://cec-robo.cecenglishcamp.workers.dev/api/ai/chat/completions,"339,342",True,False,True
camp-a/grade3/week24a.html,AI caller/helper,https://cec-robo.cecenglishcamp.workers.dev/api/ai/chat/completions,"339,342",True,False,True
camp-a/grade3/week24b.html,AI caller/helper,https://cec-robo.cecenglishcamp.workers.dev/api/ai/chat/completions,"339,342",True,False,True
camp-a/grade3/week24c.html,AI caller/helper,https://cec-robo.cecenglishcamp.workers.dev/api/ai/chat/completions,"339,342",True,False,True
camp-a/grade3/week25a.html,AI caller/helper,https://cec-robo.cecenglishcamp.workers.dev/api/ai/chat/completions,"339,342",True,False,True
camp-a/grade3/week25b.html,AI caller/helper,https://cec-robo.cecenglishcamp.workers.dev/api/ai/chat/completions,"339,342",True,False,True
camp-a/grade3/week25c.html,AI caller/helper,https://cec-robo.cecenglishcamp.workers.dev/api/ai/chat/completions,"339,342",True,False,True
camp-a/grade3/week26a.html,AI caller/helper,https://cec-robo.cecenglishcamp.workers.dev/api/ai/chat/completions,"339,342",True,False,True
camp-a/grade3/week26b.html,AI caller/helper,https://cec-robo.cecenglishcamp.workers.dev/api/ai/chat/completions,"339,342",True,False,True
camp-a/grade3/week26c.html,AI caller/helper,https://cec-robo.cecenglishcamp.workers.dev/api/ai/chat/completions,"339,342",True,False,True
camp-a/grade3/week27a.html,AI caller/helper,https://cec-robo.cecenglishcamp.workers.dev/api/ai/chat/completions,"339,342",True,False,True
camp-a/grade3/week27b.html,AI caller/helper,https://cec-robo.cecenglishcamp.workers.dev/api/ai/chat/completions,"339,342",True,False,True
camp-a/grade3/week27c.html,AI caller/helper,https://cec-robo.cecenglishcamp.workers.dev/api/ai/chat/completions,"339,342",True,False,True
camp-a/grade3/week28a.html,AI caller/helper,https://cec-robo.cecenglishcamp.workers.dev/api/ai/chat/completions,"339,342",True,False,True
camp-a/grade3/week28b.html,AI caller/helper,https://cec-robo.cecenglishcamp.workers.dev/api/ai/chat/completions,"339,342",True,False,True
camp-a/grade3/week28c.html,AI caller/helper,https://cec-robo.cecenglishcamp.workers.dev/api/ai/chat/completions,"339,342",True,False,True
camp-a/grade3/week29a.html,AI caller/helper,https://cec-robo.cecenglishcamp.workers.dev/api/ai/chat/completions,"339,342",True,False,True
camp-a/grade3/week29b.html,AI caller/helper,https://cec-robo.cecenglishcamp.workers.dev/api/ai/chat/completions,"339,342",True,False,True
camp-a/grade3/week29c.html,AI caller/helper,https://cec-robo.cecenglishcamp.workers.dev/api/ai/chat/completions,"339,342",True,False,True
camp-a/grade3/week30a.html,AI caller/helper,https://cec-robo.cecenglishcamp.workers.dev/api/ai/chat/completions,"339,342",True,False,True
camp-a/grade3/week30b.html,AI caller/helper,https://cec-robo.cecenglishcamp.workers.dev/api/ai/chat/completions,"339,342",True,False,True
camp-a/grade3/week30c.html,AI caller/helper,https://cec-robo.cecenglishcamp.workers.dev/api/ai/chat/completions,"339,342",True,False,True
camp-a/grade3/week31a.html,AI caller/helper,https://cec-robo.cecenglishcamp.workers.dev/api/ai/chat/completions,"339,342",True,False,True
camp-a/grade3/week31b.html,AI caller/helper,https://cec-robo.cecenglishcamp.workers.dev/api/ai/chat/completions,"339,342",True,False,True
camp-a/grade3/week31c.html,AI caller/helper,https://cec-robo.cecenglishcamp.workers.dev/api/ai/chat/completions,"339,342",True,False,True
camp-a/grade3/week32a.html,AI caller/helper,https://cec-robo.cecenglishcamp.workers.dev/api/ai/chat/completions,"339,342",True,False,True
camp-a/grade3/week32b.html,AI caller/helper,https://cec-robo.cecenglishcamp.workers.dev/api/ai/chat/completions,"339,342",True,False,True
camp-a/grade3/week32c.html,AI caller/helper,https://cec-robo.cecenglishcamp.workers.dev/api/ai/chat/completions,"339,342",True,False,True
camp-a/grade3/week33a.html,AI caller/helper,https://cec-robo.cecenglishcamp.workers.dev/api/ai/chat/completions,"339,342",True,False,True
camp-a/grade3/week33b.html,AI caller/helper,https://cec-robo.cecenglishcamp.workers.dev/api/ai/chat/completions,"339,342",True,False,True
camp-a/grade3/week33c.html,AI caller/helper,https://cec-robo.cecenglishcamp.workers.dev/api/ai/chat/completions,"339,342",True,False,True
camp-a/grade3/week34a.html,AI caller/helper,https://cec-robo.cecenglishcamp.workers.dev/api/ai/chat/completions,"339,342",True,False,True
camp-a/grade3/week34b.html,AI caller/helper,https://cec-robo.cecenglishcamp.workers.dev/api/ai/chat/completions,"339,342",True,False,True
camp-a/grade3/week34c.html,AI caller/helper,https://cec-robo.cecenglishcamp.workers.dev/api/ai/chat/completions,"339,342",True,False,True
camp-a/grade3/week35a.html,AI caller/helper,https://cec-robo.cecenglishcamp.workers.dev/api/ai/chat/completions,"339,342",True,False,True
camp-a/grade3/week35b.html,AI caller/helper,https://cec-robo.cecenglishcamp.workers.dev/api/ai/chat/completions,"339,342",True,False,True
camp-a/grade3/week35c.html,AI caller/helper,https://cec-robo.cecenglishcamp.workers.dev/api/ai/chat/completions,"339,342",True,False,True
camp-a/grade3/week36a.html,AI caller/helper,https://cec-robo.cecenglishcamp.workers.dev/api/ai/chat/completions,"339,342",True,False,True
camp-a/grade3/week36b.html,AI caller/helper,https://cec-robo.cecenglishcamp.workers.dev/api/ai/chat/completions,"339,342",True,False,True
camp-a/grade3/week36c.html,AI caller/helper,https://cec-robo.cecenglishcamp.workers.dev/api/ai/chat/completions,"339,342",True,False,True
camp-a/grade4/week01a.html,AI caller/helper,https://cec-robo.cecenglishcamp.workers.dev/api/ai/chat/completions,"344,347",True,False,True
camp-a/grade4/week01b.html,AI caller/helper,https://cec-robo.cecenglishcamp.workers.dev/api/ai/chat/completions,"339,342",True,False,True
camp-a/grade4/week01c.html,AI caller/helper,https://cec-robo.cecenglishcamp.workers.dev/api/ai/chat/completions,"339,342",True,False,True
camp-a/grade4/week02a.html,AI caller/helper,https://cec-robo.cecenglishcamp.workers.dev/api/ai/chat/completions,"339,342",True,False,True
camp-a/grade4/week02b.html,AI caller/helper,https://cec-robo.cecenglishcamp.workers.dev/api/ai/chat/completions,"339,342",True,False,True
camp-a/grade4/week02c.html,AI caller/helper,https://cec-robo.cecenglishcamp.workers.dev/api/ai/chat/completions,"339,342",True,False,True
camp-a/grade4/week03a.html,AI caller/helper,https://cec-robo.cecenglishcamp.workers.dev/api/ai/chat/completions,"339,342",True,False,True
camp-a/grade4/week03b.html,AI caller/helper,https://cec-robo.cecenglishcamp.workers.dev/api/ai/chat/completions,"339,342",True,False,True
camp-a/grade4/week03c.html,AI caller/helper,https://cec-robo.cecenglishcamp.workers.dev/api/ai/chat/completions,"339,342",True,False,True
camp-a/grade4/week04a.html,AI caller/helper,https://cec-robo.cecenglishcamp.workers.dev/api/ai/chat/completions,"339,342",True,False,True
camp-a/grade4/week04b.html,AI caller/helper,https://cec-robo.cecenglishcamp.workers.dev/api/ai/chat/completions,"339,342",True,False,True
camp-a/grade4/week04c.html,AI caller/helper,https://cec-robo.cecenglishcamp.workers.dev/api/ai/chat/completions,"339,342",True,False,True
camp-a/grade4/week05a.html,AI caller/helper,https://cec-robo.cecenglishcamp.workers.dev/api/ai/chat/completions,"339,342",True,False,True
camp-a/grade4/week05b.html,AI caller/helper,https://cec-robo.cecenglishcamp.workers.dev/api/ai/chat/completions,"339,342",True,False,True
camp-a/grade4/week05c.html,AI caller/helper,https://cec-robo.cecenglishcamp.workers.dev/api/ai/chat/completions,"339,342",True,False,True
camp-a/grade4/week06a.html,AI caller/helper,https://cec-robo.cecenglishcamp.workers.dev/api/ai/chat/completions,"339,342",True,False,True
camp-a/grade4/week06b.html,AI caller/helper,https://cec-robo.cecenglishcamp.workers.dev/api/ai/chat/completions,"339,342",True,False,True
camp-a/grade4/week06c.html,AI caller/helper,https://cec-robo.cecenglishcamp.workers.dev/api/ai/chat/completions,"339,342",True,False,True
camp-a/grade4/week07a.html,AI caller/helper,https://cec-robo.cecenglishcamp.workers.dev/api/ai/chat/completions,"339,342",True,False,True
camp-a/grade4/week07b.html,AI caller/helper,https://cec-robo.cecenglishcamp.workers.dev/api/ai/chat/completions,"339,342",True,False,True
camp-a/grade4/week07c.html,AI caller/helper,https://cec-robo.cecenglishcamp.workers.dev/api/ai/chat/completions,"339,342",True,False,True
camp-a/grade4/week08a.html,AI caller/helper,https://cec-robo.cecenglishcamp.workers.dev/api/ai/chat/completions,"339,342",True,False,True
camp-a/grade4/week08b.html,AI caller/helper,https://cec-robo.cecenglishcamp.workers.dev/api/ai/chat/completions,"339,342",True,False,True
camp-a/grade4/week08c.html,AI caller/helper,https://cec-robo.cecenglishcamp.workers.dev/api/ai/chat/completions,"339,342",True,False,True
camp-a/grade4/week09a.html,AI caller/helper,https://cec-robo.cecenglishcamp.workers.dev/api/ai/chat/completions,"339,342",True,False,True
camp-a/grade4/week09b.html,AI caller/helper,https://cec-robo.cecenglishcamp.workers.dev/api/ai/chat/completions,"339,342",True,False,True
camp-a/grade4/week09c.html,AI caller/helper,https://cec-robo.cecenglishcamp.workers.dev/api/ai/chat/completions,"339,342",True,False,True
camp-a/grade4/week10a.html,AI caller/helper,https://cec-robo.cecenglishcamp.workers.dev/api/ai/chat/completions,"339,342",True,False,True
camp-a/grade4/week10b.html,AI caller/helper,https://cec-robo.cecenglishcamp.workers.dev/api/ai/chat/completions,"339,342",True,False,True
camp-a/grade4/week10c.html,AI caller/helper,https://cec-robo.cecenglishcamp.workers.dev/api/ai/chat/completions,"339,342",True,False,True
camp-a/grade4/week11a.html,AI caller/helper,https://cec-robo.cecenglishcamp.workers.dev/api/ai/chat/completions,"339,342",True,False,True
camp-a/grade4/week11b.html,AI caller/helper,https://cec-robo.cecenglishcamp.workers.dev/api/ai/chat/completions,"339,342",True,False,True
camp-a/grade4/week11c.html,AI caller/helper,https://cec-robo.cecenglishcamp.workers.dev/api/ai/chat/completions,"339,342",True,False,True
camp-a/grade4/week12a.html,AI caller/helper,https://cec-robo.cecenglishcamp.workers.dev/api/ai/chat/completions,"339,342",True,False,True
camp-a/grade4/week12b.html,AI caller/helper,https://cec-robo.cecenglishcamp.workers.dev/api/ai/chat/completions,"339,342",True,False,True
camp-a/grade4/week12c.html,AI caller/helper,https://cec-robo.cecenglishcamp.workers.dev/api/ai/chat/completions,"339,342",True,False,True
camp-a/grade4/week13a.html,AI caller/helper,https://cec-robo.cecenglishcamp.workers.dev/api/ai/chat/completions,"339,342",True,False,True
camp-a/grade4/week13b.html,AI caller/helper,https://cec-robo.cecenglishcamp.workers.dev/api/ai/chat/completions,"339,342",True,False,True
camp-a/grade4/week13c.html,AI caller/helper,https://cec-robo.cecenglishcamp.workers.dev/api/ai/chat/completions,"339,342",True,False,True
camp-a/grade4/week14a.html,AI caller/helper,https://cec-robo.cecenglishcamp.workers.dev/api/ai/chat/completions,"339,342",True,False,True
camp-a/grade4/week14b.html,AI caller/helper,https://cec-robo.cecenglishcamp.workers.dev/api/ai/chat/completions,"339,342",True,False,True
camp-a/grade4/week14c.html,AI caller/helper,https://cec-robo.cecenglishcamp.workers.dev/api/ai/chat/completions,"339,342",True,False,True
camp-a/grade4/week15a.html,AI caller/helper,https://cec-robo.cecenglishcamp.workers.dev/api/ai/chat/completions,"339,342",True,False,True
camp-a/grade4/week15b.html,AI caller/helper,https://cec-robo.cecenglishcamp.workers.dev/api/ai/chat/completions,"339,342",True,False,True
camp-a/grade4/week15c.html,AI caller/helper,https://cec-robo.cecenglishcamp.workers.dev/api/ai/chat/completions,"339,342",True,False,True
camp-a/grade4/week16a.html,AI caller/helper,https://cec-robo.cecenglishcamp.workers.dev/api/ai/chat/completions,"339,342",True,False,True
camp-a/grade4/week16b.html,AI caller/helper,https://cec-robo.cecenglishcamp.workers.dev/api/ai/chat/completions,"339,342",True,False,True
camp-a/grade4/week16c.html,AI caller/helper,https://cec-robo.cecenglishcamp.workers.dev/api/ai/chat/completions,"339,342",True,False,True
camp-a/grade4/week17a.html,AI caller/helper,https://cec-robo.cecenglishcamp.workers.dev/api/ai/chat/completions,"339,342",True,False,True
camp-a/grade4/week17b.html,AI caller/helper,https://cec-robo.cecenglishcamp.workers.dev/api/ai/chat/completions,"339,342",True,False,True
camp-a/grade4/week17c.html,AI caller/helper,https://cec-robo.cecenglishcamp.workers.dev/api/ai/chat/completions,"339,342",True,False,True
camp-a/grade4/week18a.html,AI caller/helper,https://cec-robo.cecenglishcamp.workers.dev/api/ai/chat/completions,"339,342",True,False,True
camp-a/grade4/week18b.html,AI caller/helper,https://cec-robo.cecenglishcamp.workers.dev/api/ai/chat/completions,"339,342",True,False,True
camp-a/grade4/week18c.html,AI caller/helper,https://cec-robo.cecenglishcamp.workers.dev/api/ai/chat/completions,"339,342",True,False,True
camp-a/grade4/week19a.html,AI caller/helper,https://cec-robo.cecenglishcamp.workers.dev/api/ai/chat/completions,"339,342",True,False,True
camp-a/grade4/week19b.html,AI caller/helper,https://cec-robo.cecenglishcamp.workers.dev/api/ai/chat/completions,"339,342",True,False,True
camp-a/grade4/week19c.html,AI caller/helper,https://cec-robo.cecenglishcamp.workers.dev/api/ai/chat/completions,"339,342",True,False,True
camp-a/grade4/week20a.html,AI caller/helper,https://cec-robo.cecenglishcamp.workers.dev/api/ai/chat/completions,"339,342",True,False,True
camp-a/grade4/week20b.html,AI caller/helper,https://cec-robo.cecenglishcamp.workers.dev/api/ai/chat/completions,"339,342",True,False,True
camp-a/grade4/week20c.html,AI caller/helper,https://cec-robo.cecenglishcamp.workers.dev/api/ai/chat/completions,"339,342",True,False,True
camp-a/grade4/week21a.html,AI caller/helper,https://cec-robo.cecenglishcamp.workers.dev/api/ai/chat/completions,"339,342",True,False,True
camp-a/grade4/week21b.html,AI caller/helper,https://cec-robo.cecenglishcamp.workers.dev/api/ai/chat/completions,"339,342",True,False,True
camp-a/grade4/week21c.html,AI caller/helper,https://cec-robo.cecenglishcamp.workers.dev/api/ai/chat/completions,"339,342",True,False,True
camp-a/grade4/week22a.html,AI caller/helper,https://cec-robo.cecenglishcamp.workers.dev/api/ai/chat/completions,"339,342",True,False,True
camp-a/grade4/week22b.html,AI caller/helper,https://cec-robo.cecenglishcamp.workers.dev/api/ai/chat/completions,"339,342",True,False,True
camp-a/grade4/week22c.html,AI caller/helper,https://cec-robo.cecenglishcamp.workers.dev/api/ai/chat/completions,"339,342",True,False,True
camp-a/grade4/week23a.html,AI caller/helper,https://cec-robo.cecenglishcamp.workers.dev/api/ai/chat/completions,"339,342",True,False,True
camp-a/grade4/week23b.html,AI caller/helper,https://cec-robo.cecenglishcamp.workers.dev/api/ai/chat/completions,"339,342",True,False,True
camp-a/grade4/week23c.html,AI caller/helper,https://cec-robo.cecenglishcamp.workers.dev/api/ai/chat/completions,"339,342",True,False,True
camp-a/grade4/week24a.html,AI caller/helper,https://cec-robo.cecenglishcamp.workers.dev/api/ai/chat/completions,"339,342",True,False,True
camp-a/grade4/week24b.html,AI caller/helper,https://cec-robo.cecenglishcamp.workers.dev/api/ai/chat/completions,"339,342",True,False,True
camp-a/grade4/week24c.html,AI caller/helper,https://cec-robo.cecenglishcamp.workers.dev/api/ai/chat/completions,"339,342",True,False,True
camp-a/grade4/week25a.html,AI caller/helper,https://cec-robo.cecenglishcamp.workers.dev/api/ai/chat/completions,"339,342",True,False,True
camp-a/grade4/week25b.html,AI caller/helper,https://cec-robo.cecenglishcamp.workers.dev/api/ai/chat/completions,"339,342",True,False,True
camp-a/grade4/week25c.html,AI caller/helper,https://cec-robo.cecenglishcamp.workers.dev/api/ai/chat/completions,"339,342",True,False,True
camp-a/grade4/week26a.html,AI caller/helper,https://cec-robo.cecenglishcamp.workers.dev/api/ai/chat/completions,"339,342",True,False,True
camp-a/grade4/week26b.html,AI caller/helper,https://cec-robo.cecenglishcamp.workers.dev/api/ai/chat/completions,"339,342",True,False,True
camp-a/grade4/week26c.html,AI caller/helper,https://cec-robo.cecenglishcamp.workers.dev/api/ai/chat/completions,"339,342",True,False,True
camp-a/grade4/week27a.html,AI caller/helper,https://cec-robo.cecenglishcamp.workers.dev/api/ai/chat/completions,"339,342",True,False,True
camp-a/grade4/week27b.html,AI caller/helper,https://cec-robo.cecenglishcamp.workers.dev/api/ai/chat/completions,"339,342",True,False,True
camp-a/grade4/week27c.html,AI caller/helper,https://cec-robo.cecenglishcamp.workers.dev/api/ai/chat/completions,"339,342",True,False,True
camp-a/grade4/week28a.html,AI caller/helper,https://cec-robo.cecenglishcamp.workers.dev/api/ai/chat/completions,"339,342",True,False,True
camp-a/grade4/week28b.html,AI caller/helper,https://cec-robo.cecenglishcamp.workers.dev/api/ai/chat/completions,"339,342",True,False,True
camp-a/grade4/week28c.html,AI caller/helper,https://cec-robo.cecenglishcamp.workers.dev/api/ai/chat/completions,"339,342",True,False,True
camp-a/grade4/week29a.html,AI caller/helper,https://cec-robo.cecenglishcamp.workers.dev/api/ai/chat/completions,"339,342",True,False,True
camp-a/grade4/week29b.html,AI caller/helper,https://cec-robo.cecenglishcamp.workers.dev/api/ai/chat/completions,"339,342",True,False,True
camp-a/grade4/week29c.html,AI caller/helper,https://cec-robo.cecenglishcamp.workers.dev/api/ai/chat/completions,"339,342",True,False,True
camp-a/grade4/week30a.html,AI caller/helper,https://cec-robo.cecenglishcamp.workers.dev/api/ai/chat/completions,"339,342",True,False,True
camp-a/grade4/week30b.html,AI caller/helper,https://cec-robo.cecenglishcamp.workers.dev/api/ai/chat/completions,"339,342",True,False,True
camp-a/grade4/week30c.html,AI caller/helper,https://cec-robo.cecenglishcamp.workers.dev/api/ai/chat/completions,"339,342",True,False,True
camp-a/grade4/week31a.html,AI caller/helper,https://cec-robo.cecenglishcamp.workers.dev/api/ai/chat/completions,"339,342",True,False,True
camp-a/grade4/week31b.html,AI caller/helper,https://cec-robo.cecenglishcamp.workers.dev/api/ai/chat/completions,"339,342",True,False,True
camp-a/grade4/week31c.html,AI caller/helper,https://cec-robo.cecenglishcamp.workers.dev/api/ai/chat/completions,"339,342",True,False,True
camp-a/grade4/week32a.html,AI caller/helper,https://cec-robo.cecenglishcamp.workers.dev/api/ai/chat/completions,"339,342",True,False,True
camp-a/grade4/week32b.html,AI caller/helper,https://cec-robo.cecenglishcamp.workers.dev/api/ai/chat/completions,"339,342",True,False,True
camp-a/grade4/week32c.html,AI caller/helper,https://cec-robo.cecenglishcamp.workers.dev/api/ai/chat/completions,"339,342",True,False,True
camp-a/grade4/week33a.html,AI caller/helper,https://cec-robo.cecenglishcamp.workers.dev/api/ai/chat/completions,"339,342",True,False,True
camp-a/grade4/week33b.html,AI caller/helper,https://cec-robo.cecenglishcamp.workers.dev/api/ai/chat/completions,"339,342",True,False,True
camp-a/grade4/week33c.html,AI caller/helper,https://cec-robo.cecenglishcamp.workers.dev/api/ai/chat/completions,"339,342",True,False,True
camp-a/grade4/week34a.html,AI caller/helper,https://cec-robo.cecenglishcamp.workers.dev/api/ai/chat/completions,"339,342",True,False,True
camp-a/grade4/week34b.html,AI caller/helper,https://cec-robo.cecenglishcamp.workers.dev/api/ai/chat/completions,"339,342",True,False,True
camp-a/grade4/week34c.html,AI caller/helper,https://cec-robo.cecenglishcamp.workers.dev/api/ai/chat/completions,"339,342",True,False,True
camp-a/grade4/week35a.html,AI caller/helper,https://cec-robo.cecenglishcamp.workers.dev/api/ai/chat/completions,"339,342",True,False,True
camp-a/grade4/week35b.html,AI caller/helper,https://cec-robo.cecenglishcamp.workers.dev/api/ai/chat/completions,"339,342",True,False,True
camp-a/grade4/week35c.html,AI caller/helper,https://cec-robo.cecenglishcamp.workers.dev/api/ai/chat/completions,"339,342",True,False,True
camp-a/grade4/week36a.html,AI caller/helper,https://cec-robo.cecenglishcamp.workers.dev/api/ai/chat/completions,"339,342",True,False,True
camp-a/grade4/week36b.html,AI caller/helper,https://cec-robo.cecenglishcamp.workers.dev/api/ai/chat/completions,"339,342",True,False,True
camp-a/grade4/week36c.html,AI caller/helper,https://cec-robo.cecenglishcamp.workers.dev/api/ai/chat/completions,"339,342",True,False,True
camp-a/grade5/week01a.html,AI caller/helper,https://cec-robo.cecenglishcamp.workers.dev/api/ai/chat/completions,"346,349",True,False,True
camp-a/grade5/week01b.html,AI caller/helper,https://cec-robo.cecenglishcamp.workers.dev/api/ai/chat/completions,"340,343",True,False,True
camp-a/grade5/week01c.html,AI caller/helper,https://cec-robo.cecenglishcamp.workers.dev/api/ai/chat/completions,"340,343",True,False,True
camp-a/grade5/week02a.html,AI caller/helper,https://cec-robo.cecenglishcamp.workers.dev/api/ai/chat/completions,"340,343",True,False,True
camp-a/grade5/week02b.html,AI caller/helper,https://cec-robo.cecenglishcamp.workers.dev/api/ai/chat/completions,"340,343",True,False,True
camp-a/grade5/week02c.html,AI caller/helper,https://cec-robo.cecenglishcamp.workers.dev/api/ai/chat/completions,"340,343",True,False,True
camp-a/grade5/week03a.html,AI caller/helper,https://cec-robo.cecenglishcamp.workers.dev/api/ai/chat/completions,"340,343",True,False,True
camp-a/grade5/week03b.html,AI caller/helper,https://cec-robo.cecenglishcamp.workers.dev/api/ai/chat/completions,"340,343",True,False,True
camp-a/grade5/week03c.html,AI caller/helper,https://cec-robo.cecenglishcamp.workers.dev/api/ai/chat/completions,"340,343",True,False,True
camp-a/grade5/week04a.html,AI caller/helper,https://cec-robo.cecenglishcamp.workers.dev/api/ai/chat/completions,"340,343",True,False,True
camp-a/grade5/week04b.html,AI caller/helper,https://cec-robo.cecenglishcamp.workers.dev/api/ai/chat/completions,"340,343",True,False,True
camp-a/grade5/week04c.html,AI caller/helper,https://cec-robo.cecenglishcamp.workers.dev/api/ai/chat/completions,"340,343",True,False,True
camp-a/grade5/week05a.html,AI caller/helper,https://cec-robo.cecenglishcamp.workers.dev/api/ai/chat/completions,"340,343",True,False,True
camp-a/grade5/week05b.html,AI caller/helper,https://cec-robo.cecenglishcamp.workers.dev/api/ai/chat/completions,"340,343",True,False,True
camp-a/grade5/week05c.html,AI caller/helper,https://cec-robo.cecenglishcamp.workers.dev/api/ai/chat/completions,"340,343",True,False,True
camp-a/grade5/week06a.html,AI caller/helper,https://cec-robo.cecenglishcamp.workers.dev/api/ai/chat/completions,"340,343",True,False,True
camp-a/grade5/week06b.html,AI caller/helper,https://cec-robo.cecenglishcamp.workers.dev/api/ai/chat/completions,"340,343",True,False,True
camp-a/grade5/week06c.html,AI caller/helper,https://cec-robo.cecenglishcamp.workers.dev/api/ai/chat/completions,"340,343",True,False,True
camp-a/grade5/week07a.html,AI caller/helper,https://cec-robo.cecenglishcamp.workers.dev/api/ai/chat/completions,"340,343",True,False,True
camp-a/grade5/week07b.html,AI caller/helper,https://cec-robo.cecenglishcamp.workers.dev/api/ai/chat/completions,"340,343",True,False,True
camp-a/grade5/week07c.html,AI caller/helper,https://cec-robo.cecenglishcamp.workers.dev/api/ai/chat/completions,"340,343",True,False,True
camp-a/grade5/week08a.html,AI caller/helper,https://cec-robo.cecenglishcamp.workers.dev/api/ai/chat/completions,"340,343",True,False,True
camp-a/grade5/week08b.html,AI caller/helper,https://cec-robo.cecenglishcamp.workers.dev/api/ai/chat/completions,"340,343",True,False,True
camp-a/grade5/week08c.html,AI caller/helper,https://cec-robo.cecenglishcamp.workers.dev/api/ai/chat/completions,"340,343",True,False,True
camp-a/grade5/week09a.html,AI caller/helper,https://cec-robo.cecenglishcamp.workers.dev/api/ai/chat/completions,"340,343",True,False,True
camp-a/grade5/week09b.html,AI caller/helper,https://cec-robo.cecenglishcamp.workers.dev/api/ai/chat/completions,"340,343",True,False,True
camp-a/grade5/week09c.html,AI caller/helper,https://cec-robo.cecenglishcamp.workers.dev/api/ai/chat/completions,"340,343",True,False,True
camp-a/grade5/week10a.html,AI caller/helper,https://cec-robo.cecenglishcamp.workers.dev/api/ai/chat/completions,"340,343",True,False,True
camp-a/grade5/week10b.html,AI caller/helper,https://cec-robo.cecenglishcamp.workers.dev/api/ai/chat/completions,"340,343",True,False,True
camp-a/grade5/week10c.html,AI caller/helper,https://cec-robo.cecenglishcamp.workers.dev/api/ai/chat/completions,"340,343",True,False,True
camp-a/grade5/week11a.html,AI caller/helper,https://cec-robo.cecenglishcamp.workers.dev/api/ai/chat/completions,"340,343",True,False,True
camp-a/grade5/week11b.html,AI caller/helper,https://cec-robo.cecenglishcamp.workers.dev/api/ai/chat/completions,"340,343",True,False,True
camp-a/grade5/week11c.html,AI caller/helper,https://cec-robo.cecenglishcamp.workers.dev/api/ai/chat/completions,"340,343",True,False,True
camp-a/grade5/week12a.html,AI caller/helper,https://cec-robo.cecenglishcamp.workers.dev/api/ai/chat/completions,"340,343",True,False,True
camp-a/grade5/week12b.html,AI caller/helper,https://cec-robo.cecenglishcamp.workers.dev/api/ai/chat/completions,"340,343",True,False,True
camp-a/grade5/week12c.html,AI caller/helper,https://cec-robo.cecenglishcamp.workers.dev/api/ai/chat/completions,"340,343",True,False,True
camp-a/grade5/week13a.html,AI caller/helper,https://cec-robo.cecenglishcamp.workers.dev/api/ai/chat/completions,"340,343",True,False,True
camp-a/grade5/week13b.html,AI caller/helper,https://cec-robo.cecenglishcamp.workers.dev/api/ai/chat/completions,"340,343",True,False,True
camp-a/grade5/week13c.html,AI caller/helper,https://cec-robo.cecenglishcamp.workers.dev/api/ai/chat/completions,"340,343",True,False,True
camp-a/grade5/week14a.html,AI caller/helper,https://cec-robo.cecenglishcamp.workers.dev/api/ai/chat/completions,"340,343",True,False,True
camp-a/grade5/week14b.html,AI caller/helper,https://cec-robo.cecenglishcamp.workers.dev/api/ai/chat/completions,"340,343",True,False,True
camp-a/grade5/week14c.html,AI caller/helper,https://cec-robo.cecenglishcamp.workers.dev/api/ai/chat/completions,"340,343",True,False,True
camp-a/grade5/week15a.html,AI caller/helper,https://cec-robo.cecenglishcamp.workers.dev/api/ai/chat/completions,"340,343",True,False,True
camp-a/grade5/week15b.html,AI caller/helper,https://cec-robo.cecenglishcamp.workers.dev/api/ai/chat/completions,"340,343",True,False,True
camp-a/grade5/week15c.html,AI caller/helper,https://cec-robo.cecenglishcamp.workers.dev/api/ai/chat/completions,"340,343",True,False,True
camp-a/grade5/week16a.html,AI caller/helper,https://cec-robo.cecenglishcamp.workers.dev/api/ai/chat/completions,"340,343",True,False,True
camp-a/grade5/week16b.html,AI caller/helper,https://cec-robo.cecenglishcamp.workers.dev/api/ai/chat/completions,"340,343",True,False,True
camp-a/grade5/week16c.html,AI caller/helper,https://cec-robo.cecenglishcamp.workers.dev/api/ai/chat/completions,"340,343",True,False,True
camp-a/grade5/week17a.html,AI caller/helper,https://cec-robo.cecenglishcamp.workers.dev/api/ai/chat/completions,"340,343",True,False,True
camp-a/grade5/week17b.html,AI caller/helper,https://cec-robo.cecenglishcamp.workers.dev/api/ai/chat/completions,"340,343",True,False,True
camp-a/grade5/week17c.html,AI caller/helper,https://cec-robo.cecenglishcamp.workers.dev/api/ai/chat/completions,"340,343",True,False,True
camp-a/grade5/week18a.html,AI caller/helper,https://cec-robo.cecenglishcamp.workers.dev/api/ai/chat/completions,"340,343",True,False,True
camp-a/grade5/week18b.html,AI caller/helper,https://cec-robo.cecenglishcamp.workers.dev/api/ai/chat/completions,"340,343",True,False,True
camp-a/grade5/week18c.html,AI caller/helper,https://cec-robo.cecenglishcamp.workers.dev/api/ai/chat/completions,"340,343",True,False,True
camp-a/grade5/week19a.html,AI caller/helper,https://cec-robo.cecenglishcamp.workers.dev/api/ai/chat/completions,"338,341",True,False,True
camp-a/grade5/week19b.html,AI caller/helper,https://cec-robo.cecenglishcamp.workers.dev/api/ai/chat/completions,"338,341",True,False,True
camp-a/grade5/week19c.html,AI caller/helper,https://cec-robo.cecenglishcamp.workers.dev/api/ai/chat/completions,"338,341",True,False,True
camp-a/grade5/week20a.html,AI caller/helper,https://cec-robo.cecenglishcamp.workers.dev/api/ai/chat/completions,"338,341",True,False,True
camp-a/grade5/week20b.html,AI caller/helper,https://cec-robo.cecenglishcamp.workers.dev/api/ai/chat/completions,"338,341",True,False,True
camp-a/grade5/week20c.html,AI caller/helper,https://cec-robo.cecenglishcamp.workers.dev/api/ai/chat/completions,"338,341",True,False,True
camp-a/grade5/week21a.html,AI caller/helper,https://cec-robo.cecenglishcamp.workers.dev/api/ai/chat/completions,"338,341",True,False,True
camp-a/grade5/week21b.html,AI caller/helper,https://cec-robo.cecenglishcamp.workers.dev/api/ai/chat/completions,"338,341",True,False,True
camp-a/grade5/week21c.html,AI caller/helper,https://cec-robo.cecenglishcamp.workers.dev/api/ai/chat/completions,"338,341",True,False,True
camp-a/grade5/week22a.html,AI caller/helper,https://cec-robo.cecenglishcamp.workers.dev/api/ai/chat/completions,"338,341",True,False,True
camp-a/grade5/week22b.html,AI caller/helper,https://cec-robo.cecenglishcamp.workers.dev/api/ai/chat/completions,"338,341",True,False,True
camp-a/grade5/week22c.html,AI caller/helper,https://cec-robo.cecenglishcamp.workers.dev/api/ai/chat/completions,"338,341",True,False,True
camp-a/grade5/week23a.html,AI caller/helper,https://cec-robo.cecenglishcamp.workers.dev/api/ai/chat/completions,"338,341",True,False,True
camp-a/grade5/week23b.html,AI caller/helper,https://cec-robo.cecenglishcamp.workers.dev/api/ai/chat/completions,"338,341",True,False,True
camp-a/grade5/week23c.html,AI caller/helper,https://cec-robo.cecenglishcamp.workers.dev/api/ai/chat/completions,"338,341",True,False,True
camp-a/grade5/week24a.html,AI caller/helper,https://cec-robo.cecenglishcamp.workers.dev/api/ai/chat/completions,"338,341",True,False,True
camp-a/grade5/week24b.html,AI caller/helper,https://cec-robo.cecenglishcamp.workers.dev/api/ai/chat/completions,"338,341",True,False,True
camp-a/grade5/week24c.html,AI caller/helper,https://cec-robo.cecenglishcamp.workers.dev/api/ai/chat/completions,"338,341",True,False,True
camp-a/grade5/week25a.html,AI caller/helper,https://cec-robo.cecenglishcamp.workers.dev/api/ai/chat/completions,"338,341",True,False,True
camp-a/grade5/week25b.html,AI caller/helper,https://cec-robo.cecenglishcamp.workers.dev/api/ai/chat/completions,"338,341",True,False,True
camp-a/grade5/week25c.html,AI caller/helper,https://cec-robo.cecenglishcamp.workers.dev/api/ai/chat/completions,"338,341",True,False,True
camp-a/grade5/week26a.html,AI caller/helper,https://cec-robo.cecenglishcamp.workers.dev/api/ai/chat/completions,"338,341",True,False,True
camp-a/grade5/week26b.html,AI caller/helper,https://cec-robo.cecenglishcamp.workers.dev/api/ai/chat/completions,"338,341",True,False,True
camp-a/grade5/week26c.html,AI caller/helper,https://cec-robo.cecenglishcamp.workers.dev/api/ai/chat/completions,"338,341",True,False,True
camp-a/grade5/week27a.html,AI caller/helper,https://cec-robo.cecenglishcamp.workers.dev/api/ai/chat/completions,"338,341",True,False,True
camp-a/grade5/week27b.html,AI caller/helper,https://cec-robo.cecenglishcamp.workers.dev/api/ai/chat/completions,"338,341",True,False,True
camp-a/grade5/week27c.html,AI caller/helper,https://cec-robo.cecenglishcamp.workers.dev/api/ai/chat/completions,"338,341",True,False,True
camp-a/grade5/week28a.html,AI caller/helper,https://cec-robo.cecenglishcamp.workers.dev/api/ai/chat/completions,"338,341",True,False,True
camp-a/grade5/week28b.html,AI caller/helper,https://cec-robo.cecenglishcamp.workers.dev/api/ai/chat/completions,"338,341",True,False,True
camp-a/grade5/week28c.html,AI caller/helper,https://cec-robo.cecenglishcamp.workers.dev/api/ai/chat/completions,"338,341",True,False,True
camp-a/grade5/week29a.html,AI caller/helper,https://cec-robo.cecenglishcamp.workers.dev/api/ai/chat/completions,"338,341",True,False,True
camp-a/grade5/week29b.html,AI caller/helper,https://cec-robo.cecenglishcamp.workers.dev/api/ai/chat/completions,"338,341",True,False,True
camp-a/grade5/week29c.html,AI caller/helper,https://cec-robo.cecenglishcamp.workers.dev/api/ai/chat/completions,"338,341",True,False,True
camp-a/grade5/week30a.html,AI caller/helper,https://cec-robo.cecenglishcamp.workers.dev/api/ai/chat/completions,"338,341",True,False,True
camp-a/grade5/week30b.html,AI caller/helper,https://cec-robo.cecenglishcamp.workers.dev/api/ai/chat/completions,"338,341",True,False,True
camp-a/grade5/week30c.html,AI caller/helper,https://cec-robo.cecenglishcamp.workers.dev/api/ai/chat/completions,"338,341",True,False,True
camp-a/grade5/week31a.html,AI caller/helper,https://cec-robo.cecenglishcamp.workers.dev/api/ai/chat/completions,"338,341",True,False,True
camp-a/grade5/week31b.html,AI caller/helper,https://cec-robo.cecenglishcamp.workers.dev/api/ai/chat/completions,"338,341",True,False,True
camp-a/grade5/week31c.html,AI caller/helper,https://cec-robo.cecenglishcamp.workers.dev/api/ai/chat/completions,"338,341",True,False,True
camp-a/grade5/week32a.html,AI caller/helper,https://cec-robo.cecenglishcamp.workers.dev/api/ai/chat/completions,"338,341",True,False,True
camp-a/grade5/week32b.html,AI caller/helper,https://cec-robo.cecenglishcamp.workers.dev/api/ai/chat/completions,"338,341",True,False,True
camp-a/grade5/week32c.html,AI caller/helper,https://cec-robo.cecenglishcamp.workers.dev/api/ai/chat/completions,"338,341",True,False,True
camp-a/grade5/week33a.html,AI caller/helper,https://cec-robo.cecenglishcamp.workers.dev/api/ai/chat/completions,"279,282",True,False,True
camp-a/grade5/week33b.html,AI caller/helper,https://cec-robo.cecenglishcamp.workers.dev/api/ai/chat/completions,"279,282",True,False,True
camp-a/grade5/week33c.html,AI caller/helper,https://cec-robo.cecenglishcamp.workers.dev/api/ai/chat/completions,"279,282",True,False,True
camp-a/grade5/week34a.html,AI caller/helper,https://cec-robo.cecenglishcamp.workers.dev/api/ai/chat/completions,"279,282",True,False,True
camp-a/grade5/week34b.html,AI caller/helper,https://cec-robo.cecenglishcamp.workers.dev/api/ai/chat/completions,"279,282",True,False,True
camp-a/grade5/week34c.html,AI caller/helper,https://cec-robo.cecenglishcamp.workers.dev/api/ai/chat/completions,"279,282",True,False,True
camp-a/grade5/week35a.html,AI caller/helper,https://cec-robo.cecenglishcamp.workers.dev/api/ai/chat/completions,"279,282",True,False,True
camp-a/grade5/week35b.html,AI caller/helper,https://cec-robo.cecenglishcamp.workers.dev/api/ai/chat/completions,"279,282",True,False,True
camp-a/grade5/week35c.html,AI caller/helper,https://cec-robo.cecenglishcamp.workers.dev/api/ai/chat/completions,"279,282",True,False,True
camp-a/grade5/week36a.html,AI caller/helper,https://cec-robo.cecenglishcamp.workers.dev/api/ai/chat/completions,"279,282",True,False,True
camp-a/grade5/week36b.html,AI caller/helper,https://cec-robo.cecenglishcamp.workers.dev/api/ai/chat/completions,"279,282",True,False,True
camp-a/grade5/week36c.html,AI caller/helper,https://cec-robo.cecenglishcamp.workers.dev/api/ai/chat/completions,"279,282",True,False,True
camp-a/grade6/week01a.html,AI caller/helper,https://cec-robo.cecenglishcamp.workers.dev/api/ai/chat/completions,"277,280",True,False,True
camp-a/grade6/week01b.html,AI caller/helper,https://cec-robo.cecenglishcamp.workers.dev/api/ai/chat/completions,"277,280",True,False,True
camp-a/grade6/week01c.html,AI caller/helper,https://cec-robo.cecenglishcamp.workers.dev/api/ai/chat/completions,"277,280",True,False,True
camp-a/grade6/week02a.html,AI caller/helper,https://cec-robo.cecenglishcamp.workers.dev/api/ai/chat/completions,"277,280",True,False,True
camp-a/grade6/week02b.html,AI caller/helper,https://cec-robo.cecenglishcamp.workers.dev/api/ai/chat/completions,"277,280",True,False,True
camp-a/grade6/week02c.html,AI caller/helper,https://cec-robo.cecenglishcamp.workers.dev/api/ai/chat/completions,"277,280",True,False,True
camp-a/grade6/week03a.html,AI caller/helper,https://cec-robo.cecenglishcamp.workers.dev/api/ai/chat/completions,"277,280",True,False,True
camp-a/grade6/week03b.html,AI caller/helper,https://cec-robo.cecenglishcamp.workers.dev/api/ai/chat/completions,"277,280",True,False,True
camp-a/grade6/week03c.html,AI caller/helper,https://cec-robo.cecenglishcamp.workers.dev/api/ai/chat/completions,"277,280",True,False,True
camp-a/grade6/week04a.html,AI caller/helper,https://cec-robo.cecenglishcamp.workers.dev/api/ai/chat/completions,"277,280",True,False,True
camp-a/grade6/week04b.html,AI caller/helper,https://cec-robo.cecenglishcamp.workers.dev/api/ai/chat/completions,"277,280",True,False,True
camp-a/grade6/week04c.html,AI caller/helper,https://cec-robo.cecenglishcamp.workers.dev/api/ai/chat/completions,"277,280",True,False,True
camp-a/grade6/week05a.html,AI caller/helper,https://cec-robo.cecenglishcamp.workers.dev/api/ai/chat/completions,"277,280",True,False,True
camp-a/grade6/week05b.html,AI caller/helper,https://cec-robo.cecenglishcamp.workers.dev/api/ai/chat/completions,"277,280",True,False,True
camp-a/grade6/week05c.html,AI caller/helper,https://cec-robo.cecenglishcamp.workers.dev/api/ai/chat/completions,"277,280",True,False,True
camp-a/grade6/week06a.html,AI caller/helper,https://cec-robo.cecenglishcamp.workers.dev/api/ai/chat/completions,"277,280",True,False,True
camp-a/grade6/week06b.html,AI caller/helper,https://cec-robo.cecenglishcamp.workers.dev/api/ai/chat/completions,"277,280",True,False,True
camp-a/grade6/week06c.html,AI caller/helper,https://cec-robo.cecenglishcamp.workers.dev/api/ai/chat/completions,"277,280",True,False,True
camp-a/grade6/week07a.html,AI caller/helper,https://cec-robo.cecenglishcamp.workers.dev/api/ai/chat/completions,"277,280",True,False,True
camp-a/grade6/week07b.html,AI caller/helper,https://cec-robo.cecenglishcamp.workers.dev/api/ai/chat/completions,"277,280",True,False,True
camp-a/grade6/week07c.html,AI caller/helper,https://cec-robo.cecenglishcamp.workers.dev/api/ai/chat/completions,"277,280",True,False,True
camp-a/grade6/week08a.html,AI caller/helper,https://cec-robo.cecenglishcamp.workers.dev/api/ai/chat/completions,"277,280",True,False,True
camp-a/grade6/week08b.html,AI caller/helper,https://cec-robo.cecenglishcamp.workers.dev/api/ai/chat/completions,"277,280",True,False,True
camp-a/grade6/week08c.html,AI caller/helper,https://cec-robo.cecenglishcamp.workers.dev/api/ai/chat/completions,"277,280",True,False,True
camp-a/grade6/week09a.html,AI caller/helper,https://cec-robo.cecenglishcamp.workers.dev/api/ai/chat/completions,"277,280",True,False,True
camp-a/grade6/week09b.html,AI caller/helper,https://cec-robo.cecenglishcamp.workers.dev/api/ai/chat/completions,"277,280",True,False,True
camp-a/grade6/week09c.html,AI caller/helper,https://cec-robo.cecenglishcamp.workers.dev/api/ai/chat/completions,"277,280",True,False,True
camp-a/grade6/week10a.html,AI caller/helper,https://cec-robo.cecenglishcamp.workers.dev/api/ai/chat/completions,"281,284",True,False,True
camp-a/grade6/week10b.html,AI caller/helper,https://cec-robo.cecenglishcamp.workers.dev/api/ai/chat/completions,"281,284",True,False,True
camp-a/grade6/week10c.html,AI caller/helper,https://cec-robo.cecenglishcamp.workers.dev/api/ai/chat/completions,"281,284",True,False,True
camp-a/grade6/week11a.html,AI caller/helper,https://cec-robo.cecenglishcamp.workers.dev/api/ai/chat/completions,"281,284",True,False,True
camp-a/grade6/week11b.html,AI caller/helper,https://cec-robo.cecenglishcamp.workers.dev/api/ai/chat/completions,"281,284",True,False,True
camp-a/grade6/week11c.html,AI caller/helper,https://cec-robo.cecenglishcamp.workers.dev/api/ai/chat/completions,"281,284",True,False,True
camp-a/grade6/week12a.html,AI caller/helper,https://cec-robo.cecenglishcamp.workers.dev/api/ai/chat/completions,"281,284",True,False,True
camp-a/grade6/week12b.html,AI caller/helper,https://cec-robo.cecenglishcamp.workers.dev/api/ai/chat/completions,"281,284",True,False,True
camp-a/grade6/week12c.html,AI caller/helper,https://cec-robo.cecenglishcamp.workers.dev/api/ai/chat/completions,"281,284",True,False,True
camp-a/grade6/week13a.html,AI caller/helper,https://cec-robo.cecenglishcamp.workers.dev/api/ai/chat/completions,"281,284",True,False,True
camp-a/grade6/week13b.html,AI caller/helper,https://cec-robo.cecenglishcamp.workers.dev/api/ai/chat/completions,"281,284",True,False,True
camp-a/grade6/week13c.html,AI caller/helper,https://cec-robo.cecenglishcamp.workers.dev/api/ai/chat/completions,"281,284",True,False,True
camp-a/grade6/week14a.html,AI caller/helper,https://cec-robo.cecenglishcamp.workers.dev/api/ai/chat/completions,"281,284",True,False,True
camp-a/grade6/week14b.html,AI caller/helper,https://cec-robo.cecenglishcamp.workers.dev/api/ai/chat/completions,"281,284",True,False,True
camp-a/grade6/week14c.html,AI caller/helper,https://cec-robo.cecenglishcamp.workers.dev/api/ai/chat/completions,"281,284",True,False,True
camp-a/grade6/week15a.html,AI caller/helper,https://cec-robo.cecenglishcamp.workers.dev/api/ai/chat/completions,"281,284",True,False,True
camp-a/grade6/week15b.html,AI caller/helper,https://cec-robo.cecenglishcamp.workers.dev/api/ai/chat/completions,"281,284",True,False,True
camp-a/grade6/week15c.html,AI caller/helper,https://cec-robo.cecenglishcamp.workers.dev/api/ai/chat/completions,"281,284",True,False,True
camp-a/grade6/week16a.html,AI caller/helper,https://cec-robo.cecenglishcamp.workers.dev/api/ai/chat/completions,"281,284",True,False,True
camp-a/grade6/week16b.html,AI caller/helper,https://cec-robo.cecenglishcamp.workers.dev/api/ai/chat/completions,"281,284",True,False,True
camp-a/grade6/week16c.html,AI caller/helper,https://cec-robo.cecenglishcamp.workers.dev/api/ai/chat/completions,"281,284",True,False,True
camp-a/grade6/week17a.html,AI caller/helper,https://cec-robo.cecenglishcamp.workers.dev/api/ai/chat/completions,"261,264",True,False,True
camp-a/grade6/week17b.html,AI caller/helper,https://cec-robo.cecenglishcamp.workers.dev/api/ai/chat/completions,"261,264",True,False,True
camp-a/grade6/week17c.html,AI caller/helper,https://cec-robo.cecenglishcamp.workers.dev/api/ai/chat/completions,"261,264",True,False,True
camp-a/grade6/week18a.html,AI caller/helper,https://cec-robo.cecenglishcamp.workers.dev/api/ai/chat/completions,"261,264",True,False,True
camp-a/grade6/week18b.html,AI caller/helper,https://cec-robo.cecenglishcamp.workers.dev/api/ai/chat/completions,"261,264",True,False,True
camp-a/grade6/week18c.html,AI caller/helper,https://cec-robo.cecenglishcamp.workers.dev/api/ai/chat/completions,"261,264",True,False,True
camp-a/grade6/week19a.html,AI caller/helper,https://cec-robo.cecenglishcamp.workers.dev/api/ai/chat/completions,"261,264",True,False,True
camp-a/grade6/week19b.html,AI caller/helper,https://cec-robo.cecenglishcamp.workers.dev/api/ai/chat/completions,"261,264",True,False,True
camp-a/grade6/week19c.html,AI caller/helper,https://cec-robo.cecenglishcamp.workers.dev/api/ai/chat/completions,"261,264",True,False,True
camp-a/grade6/week20a.html,AI caller/helper,https://cec-robo.cecenglishcamp.workers.dev/api/ai/chat/completions,"261,264",True,False,True
camp-a/grade6/week20b.html,AI caller/helper,https://cec-robo.cecenglishcamp.workers.dev/api/ai/chat/completions,"261,264",True,False,True
camp-a/grade6/week20c.html,AI caller/helper,https://cec-robo.cecenglishcamp.workers.dev/api/ai/chat/completions,"261,264",True,False,True
camp-a/grade6/week21a.html,AI caller/helper,https://cec-robo.cecenglishcamp.workers.dev/api/ai/chat/completions,"261,264",True,False,True
camp-a/grade6/week21b.html,AI caller/helper,https://cec-robo.cecenglishcamp.workers.dev/api/ai/chat/completions,"261,264",True,False,True
camp-a/grade6/week21c.html,AI caller/helper,https://cec-robo.cecenglishcamp.workers.dev/api/ai/chat/completions,"261,264",True,False,True
camp-a/grade6/week22a.html,AI caller/helper,https://cec-robo.cecenglishcamp.workers.dev/api/ai/chat/completions,"261,264",True,False,True
camp-a/grade6/week22b.html,AI caller/helper,https://cec-robo.cecenglishcamp.workers.dev/api/ai/chat/completions,"261,264",True,False,True
camp-a/grade6/week22c.html,AI caller/helper,https://cec-robo.cecenglishcamp.workers.dev/api/ai/chat/completions,"261,264",True,False,True
camp-a/grade6/week23a.html,AI caller/helper,https://cec-robo.cecenglishcamp.workers.dev/api/ai/chat/completions,"261,264",True,False,True
camp-a/grade6/week23b.html,AI caller/helper,https://cec-robo.cecenglishcamp.workers.dev/api/ai/chat/completions,"261,264",True,False,True
camp-a/grade6/week23c.html,AI caller/helper,https://cec-robo.cecenglishcamp.workers.dev/api/ai/chat/completions,"261,264",True,False,True
camp-a/grade6/week24a.html,AI caller/helper,https://cec-robo.cecenglishcamp.workers.dev/api/ai/chat/completions,"261,264",True,False,True
camp-a/grade6/week24b.html,AI caller/helper,https://cec-robo.cecenglishcamp.workers.dev/api/ai/chat/completions,"261,264",True,False,True
camp-a/grade6/week24c.html,AI caller/helper,https://cec-robo.cecenglishcamp.workers.dev/api/ai/chat/completions,"261,264",True,False,True
camp-a/grade6/week25a.html,AI caller/helper,https://cec-robo.cecenglishcamp.workers.dev/api/ai/chat/completions,"281,284",True,False,True
camp-a/grade6/week25b.html,AI caller/helper,https://cec-robo.cecenglishcamp.workers.dev/api/ai/chat/completions,"281,284",True,False,True
camp-a/grade6/week25c.html,AI caller/helper,https://cec-robo.cecenglishcamp.workers.dev/api/ai/chat/completions,"281,284",True,False,True
camp-a/grade6/week26a.html,AI caller/helper,https://cec-robo.cecenglishcamp.workers.dev/api/ai/chat/completions,"281,284",True,False,True
camp-a/grade6/week26b.html,AI caller/helper,https://cec-robo.cecenglishcamp.workers.dev/api/ai/chat/completions,"281,284",True,False,True
camp-a/grade6/week26c.html,AI caller/helper,https://cec-robo.cecenglishcamp.workers.dev/api/ai/chat/completions,"281,284",True,False,True
camp-a/grade6/week27a.html,AI caller/helper,https://cec-robo.cecenglishcamp.workers.dev/api/ai/chat/completions,"281,284",True,False,True
camp-a/grade6/week27b.html,AI caller/helper,https://cec-robo.cecenglishcamp.workers.dev/api/ai/chat/completions,"281,284",True,False,True
camp-a/grade6/week27c.html,AI caller/helper,https://cec-robo.cecenglishcamp.workers.dev/api/ai/chat/completions,"281,284",True,False,True
camp-a/grade6/week28a.html,AI caller/helper,https://cec-robo.cecenglishcamp.workers.dev/api/ai/chat/completions,"281,284",True,False,True
camp-a/grade6/week28b.html,AI caller/helper,https://cec-robo.cecenglishcamp.workers.dev/api/ai/chat/completions,"281,284",True,False,True
camp-a/grade6/week28c.html,AI caller/helper,https://cec-robo.cecenglishcamp.workers.dev/api/ai/chat/completions,"281,284",True,False,True
camp-a/grade6/week29a.html,AI caller/helper,https://cec-robo.cecenglishcamp.workers.dev/api/ai/chat/completions,"245,248",True,False,True
camp-a/grade6/week29b.html,AI caller/helper,https://cec-robo.cecenglishcamp.workers.dev/api/ai/chat/completions,"245,248",True,False,True
camp-a/grade6/week29c.html,AI caller/helper,https://cec-robo.cecenglishcamp.workers.dev/api/ai/chat/completions,"245,248",True,False,True
camp-a/grade6/week30a.html,AI caller/helper,https://cec-robo.cecenglishcamp.workers.dev/api/ai/chat/completions,"245,248",True,False,True
camp-a/grade6/week30b.html,AI caller/helper,https://cec-robo.cecenglishcamp.workers.dev/api/ai/chat/completions,"245,248",True,False,True
camp-a/grade6/week30c.html,AI caller/helper,https://cec-robo.cecenglishcamp.workers.dev/api/ai/chat/completions,"245,248",True,False,True
camp-a/grade6/week31a.html,AI caller/helper,https://cec-robo.cecenglishcamp.workers.dev/api/ai/chat/completions,"245,248",True,False,True
camp-a/grade6/week31b.html,AI caller/helper,https://cec-robo.cecenglishcamp.workers.dev/api/ai/chat/completions,"245,248",True,False,True
camp-a/grade6/week31c.html,AI caller/helper,https://cec-robo.cecenglishcamp.workers.dev/api/ai/chat/completions,"245,248",True,False,True
camp-a/grade6/week32a.html,AI caller/helper,https://cec-robo.cecenglishcamp.workers.dev/api/ai/chat/completions,"245,248",True,False,True
camp-a/grade6/week32b.html,AI caller/helper,https://cec-robo.cecenglishcamp.workers.dev/api/ai/chat/completions,"245,248",True,False,True
camp-a/grade6/week32c.html,AI caller/helper,https://cec-robo.cecenglishcamp.workers.dev/api/ai/chat/completions,"245,248",True,False,True
camp-a/grade6/week33a.html,AI caller/helper,https://cec-robo.cecenglishcamp.workers.dev/api/ai/chat/completions,"281,284",True,False,True
camp-a/grade6/week33b.html,AI caller/helper,https://cec-robo.cecenglishcamp.workers.dev/api/ai/chat/completions,"281,284",True,False,True
camp-a/grade6/week33c.html,AI caller/helper,https://cec-robo.cecenglishcamp.workers.dev/api/ai/chat/completions,"281,284",True,False,True
camp-a/grade6/week34a.html,AI caller/helper,https://cec-robo.cecenglishcamp.workers.dev/api/ai/chat/completions,"281,284",True,False,True
camp-a/grade6/week34b.html,AI caller/helper,https://cec-robo.cecenglishcamp.workers.dev/api/ai/chat/completions,"281,284",True,False,True
camp-a/grade6/week34c.html,AI caller/helper,https://cec-robo.cecenglishcamp.workers.dev/api/ai/chat/completions,"281,284",True,False,True
camp-a/grade6/week35a.html,AI caller/helper,https://cec-robo.cecenglishcamp.workers.dev/api/ai/chat/completions,"281,284",True,False,True
camp-a/grade6/week35b.html,AI caller/helper,https://cec-robo.cecenglishcamp.workers.dev/api/ai/chat/completions,"281,284",True,False,True
camp-a/grade6/week35c.html,AI caller/helper,https://cec-robo.cecenglishcamp.workers.dev/api/ai/chat/completions,"281,284",True,False,True
camp-a/grade6/week36a.html,AI caller/helper,https://cec-robo.cecenglishcamp.workers.dev/api/ai/chat/completions,"281,284",True,False,True
camp-a/grade6/week36b.html,AI caller/helper,https://cec-robo.cecenglishcamp.workers.dev/api/ai/chat/completions,"281,284",True,False,True
camp-a/grade6/week36c.html,AI caller/helper,https://cec-robo.cecenglishcamp.workers.dev/api/ai/chat/completions,"281,284",True,False,True
camp-b/g1/week01a.html,AI caller/helper,https://cec-robo.cecenglishcamp.workers.dev/api/ai/chat/completions,"1132,1135",True,False,True
camp-b/g1/week01b.html,AI caller/helper,https://cec-robo.cecenglishcamp.workers.dev/api/ai/chat/completions,"1138,1141",True,False,True
camp-b/g1/week01c.html,AI caller/helper,https://cec-robo.cecenglishcamp.workers.dev/api/ai/chat/completions,"1130,1133",True,False,True
camp-b/g1/week02a.html,AI caller/helper,https://cec-robo.cecenglishcamp.workers.dev/api/ai/chat/completions,"1130,1133",True,False,True
camp-b/g1/week02b.html,AI caller/helper,https://cec-robo.cecenglishcamp.workers.dev/api/ai/chat/completions,"1124,1127",True,False,True
camp-b/g1/week02c.html,AI caller/helper,https://cec-robo.cecenglishcamp.workers.dev/api/ai/chat/completions,"1130,1133",True,False,True
camp-b/g1/week03a.html,AI caller/helper,https://cec-robo.cecenglishcamp.workers.dev/api/ai/chat/completions,"1148,1151",True,False,True
camp-b/g1/week03b.html,AI caller/helper,https://cec-robo.cecenglishcamp.workers.dev/api/ai/chat/completions,"1148,1151",True,False,True
camp-b/g1/week03c.html,AI caller/helper,https://cec-robo.cecenglishcamp.workers.dev/api/ai/chat/completions,"1130,1133",True,False,True
camp-b/g1/week04a.html,AI caller/helper,https://cec-robo.cecenglishcamp.workers.dev/api/ai/chat/completions,"1132,1135",True,False,True
camp-b/g1/week04b.html,AI caller/helper,https://cec-robo.cecenglishcamp.workers.dev/api/ai/chat/completions,"1124,1127",True,False,True
camp-b/g1/week04c.html,AI caller/helper,https://cec-robo.cecenglishcamp.workers.dev/api/ai/chat/completions,"1148,1151",True,False,True
camp-b/g1/week05a.html,AI caller/helper,https://cec-robo.cecenglishcamp.workers.dev/api/ai/chat/completions,"1124,1127",True,False,True
camp-b/g1/week05b.html,AI caller/helper,https://cec-robo.cecenglishcamp.workers.dev/api/ai/chat/completions,"1124,1127",True,False,True
camp-b/g1/week05c.html,AI caller/helper,https://cec-robo.cecenglishcamp.workers.dev/api/ai/chat/completions,"1124,1127",True,False,True
camp-b/g1/week06a.html,AI caller/helper,https://cec-robo.cecenglishcamp.workers.dev/api/ai/chat/completions,"1142,1145",True,False,True
camp-b/g1/week06b.html,AI caller/helper,https://cec-robo.cecenglishcamp.workers.dev/api/ai/chat/completions,"1148,1151",True,False,True
camp-b/g1/week06c.html,AI caller/helper,https://cec-robo.cecenglishcamp.workers.dev/api/ai/chat/completions,"1148,1151",True,False,True
camp-b/g1/week07a.html,AI caller/helper,https://cec-robo.cecenglishcamp.workers.dev/api/ai/chat/completions,"1138,1141",True,False,True
camp-b/g1/week07b.html,AI caller/helper,https://cec-robo.cecenglishcamp.workers.dev/api/ai/chat/completions,"1124,1127",True,False,True
camp-b/g1/week07c.html,AI caller/helper,https://cec-robo.cecenglishcamp.workers.dev/api/ai/chat/completions,"1132,1135",True,False,True
camp-b/g1/week08a.html,AI caller/helper,https://cec-robo.cecenglishcamp.workers.dev/api/ai/chat/completions,"1148,1151",True,False,True
camp-b/g1/week08b.html,AI caller/helper,https://cec-robo.cecenglishcamp.workers.dev/api/ai/chat/completions,"1138,1141",True,False,True
camp-b/g1/week08c.html,AI caller/helper,https://cec-robo.cecenglishcamp.workers.dev/api/ai/chat/completions,"1138,1141",True,False,True
camp-b/g1/week09a.html,AI caller/helper,https://cec-robo.cecenglishcamp.workers.dev/api/ai/chat/completions,"1124,1127",True,False,True
camp-b/g1/week09b.html,AI caller/helper,https://cec-robo.cecenglishcamp.workers.dev/api/ai/chat/completions,"1132,1135",True,False,True
camp-b/g1/week09c.html,AI caller/helper,https://cec-robo.cecenglishcamp.workers.dev/api/ai/chat/completions,"1132,1135",True,False,True
camp-b/g1/week10a.html,AI caller/helper,https://cec-robo.cecenglishcamp.workers.dev/api/ai/chat/completions,"1148,1151",True,False,True
camp-b/g1/week10b.html,AI caller/helper,https://cec-robo.cecenglishcamp.workers.dev/api/ai/chat/completions,"1138,1141",True,False,True
camp-b/g1/week10c.html,AI caller/helper,https://cec-robo.cecenglishcamp.workers.dev/api/ai/chat/completions,"1138,1141",True,False,True
camp-b/g1/week11a.html,AI caller/helper,https://cec-robo.cecenglishcamp.workers.dev/api/ai/chat/completions,"1132,1135",True,False,True
camp-b/g1/week11b.html,AI caller/helper,https://cec-robo.cecenglishcamp.workers.dev/api/ai/chat/completions,"1138,1141",True,False,True
camp-b/g1/week11c.html,AI caller/helper,https://cec-robo.cecenglishcamp.workers.dev/api/ai/chat/completions,"1124,1127",True,False,True
camp-b/g1/week12a.html,AI caller/helper,https://cec-robo.cecenglishcamp.workers.dev/api/ai/chat/completions,"1142,1145",True,False,True
camp-b/g1/week12b.html,AI caller/helper,https://cec-robo.cecenglishcamp.workers.dev/api/ai/chat/completions,"1138,1141",True,False,True
camp-b/g1/week12c.html,AI caller/helper,https://cec-robo.cecenglishcamp.workers.dev/api/ai/chat/completions,"1138,1141",True,False,True
camp-b/g1/week13a.html,AI caller/helper,https://cec-robo.cecenglishcamp.workers.dev/api/ai/chat/completions,"1132,1135",True,False,True
camp-b/g1/week13b.html,AI caller/helper,https://cec-robo.cecenglishcamp.workers.dev/api/ai/chat/completions,"1142,1145",True,False,True
camp-b/g1/week13c.html,AI caller/helper,https://cec-robo.cecenglishcamp.workers.dev/api/ai/chat/completions,"1142,1145",True,False,True
camp-b/g1/week14a.html,AI caller/helper,https://cec-robo.cecenglishcamp.workers.dev/api/ai/chat/completions,"1138,1141",True,False,True
camp-b/g1/week14b.html,AI caller/helper,https://cec-robo.cecenglishcamp.workers.dev/api/ai/chat/completions,"1138,1141",True,False,True
camp-b/g1/week14c.html,AI caller/helper,https://cec-robo.cecenglishcamp.workers.dev/api/ai/chat/completions,"1138,1141",True,False,True
camp-b/g1/week15a.html,AI caller/helper,https://cec-robo.cecenglishcamp.workers.dev/api/ai/chat/completions,"1124,1127",True,False,True
camp-b/g1/week15b.html,AI caller/helper,https://cec-robo.cecenglishcamp.workers.dev/api/ai/chat/completions,"1132,1135",True,False,True
camp-b/g1/week15c.html,AI caller/helper,https://cec-robo.cecenglishcamp.workers.dev/api/ai/chat/completions,"1132,1135",True,False,True
camp-b/g1/week16a.html,AI caller/helper,https://cec-robo.cecenglishcamp.workers.dev/api/ai/chat/completions,"1118,1121",True,False,True
camp-b/g1/week16b.html,AI caller/helper,https://cec-robo.cecenglishcamp.workers.dev/api/ai/chat/completions,"1132,1135",True,False,True
camp-b/g1/week16c.html,AI caller/helper,https://cec-robo.cecenglishcamp.workers.dev/api/ai/chat/completions,"1132,1135",True,False,True
camp-b/g1/week17a.html,AI caller/helper,https://cec-robo.cecenglishcamp.workers.dev/api/ai/chat/completions,"1124,1127",True,False,True
camp-b/g1/week17b.html,AI caller/helper,https://cec-robo.cecenglishcamp.workers.dev/api/ai/chat/completions,"1142,1145",True,False,True
camp-b/g1/week17c.html,AI caller/helper,https://cec-robo.cecenglishcamp.workers.dev/api/ai/chat/completions,"1148,1151",True,False,True
camp-b/g1/week18a.html,AI caller/helper,https://cec-robo.cecenglishcamp.workers.dev/api/ai/chat/completions,"1144,1147",True,False,True
camp-b/g1/week18b.html,AI caller/helper,https://cec-robo.cecenglishcamp.workers.dev/api/ai/chat/completions,"1169,1172",True,False,True
camp-b/g1/week18c.html,AI caller/helper,https://cec-robo.cecenglishcamp.workers.dev/api/ai/chat/completions,"1142,1145",True,False,True
camp-b/g1/week19a.html,AI caller/helper,https://cec-robo.cecenglishcamp.workers.dev/api/ai/chat/completions,"1138,1141",True,False,True
camp-b/g1/week19b.html,AI caller/helper,https://cec-robo.cecenglishcamp.workers.dev/api/ai/chat/completions,"1138,1141",True,False,True
camp-b/g1/week19c.html,AI caller/helper,https://cec-robo.cecenglishcamp.workers.dev/api/ai/chat/completions,"1132,1135",True,False,True
camp-b/g1/week20a.html,AI caller/helper,https://cec-robo.cecenglishcamp.workers.dev/api/ai/chat/completions,"1130,1133",True,False,True
camp-b/g1/week20b.html,AI caller/helper,https://cec-robo.cecenglishcamp.workers.dev/api/ai/chat/completions,"1138,1141",True,False,True
camp-b/g1/week20c.html,AI caller/helper,https://cec-robo.cecenglishcamp.workers.dev/api/ai/chat/completions,"1132,1135",True,False,True
camp-b/g1/week21a.html,AI caller/helper,https://cec-robo.cecenglishcamp.workers.dev/api/ai/chat/completions,"1130,1133",True,False,True
camp-b/g1/week21b.html,AI caller/helper,https://cec-robo.cecenglishcamp.workers.dev/api/ai/chat/completions,"1124,1127",True,False,True
camp-b/g1/week21c.html,AI caller/helper,https://cec-robo.cecenglishcamp.workers.dev/api/ai/chat/completions,"1132,1135",True,False,True
camp-b/g1/week22a.html,AI caller/helper,https://cec-robo.cecenglishcamp.workers.dev/api/ai/chat/completions,"1142,1145",True,False,True
camp-b/g1/week22b.html,AI caller/helper,https://cec-robo.cecenglishcamp.workers.dev/api/ai/chat/completions,"1130,1133",True,False,True
camp-b/g1/week22c.html,AI caller/helper,https://cec-robo.cecenglishcamp.workers.dev/api/ai/chat/completions,"1138,1141",True,False,True
camp-b/g1/week23a.html,AI caller/helper,https://cec-robo.cecenglishcamp.workers.dev/api/ai/chat/completions,"1148,1151",True,False,True
camp-b/g1/week23b.html,AI caller/helper,https://cec-robo.cecenglishcamp.workers.dev/api/ai/chat/completions,"1148,1151",True,False,True
camp-b/g1/week23c.html,AI caller/helper,https://cec-robo.cecenglishcamp.workers.dev/api/ai/chat/completions,"1138,1141",True,False,True
camp-b/g1/week24a.html,AI caller/helper,https://cec-robo.cecenglishcamp.workers.dev/api/ai/chat/completions,"1130,1133",True,False,True
camp-b/g1/week24b.html,AI caller/helper,https://cec-robo.cecenglishcamp.workers.dev/api/ai/chat/completions,"1150,1153",True,False,True
camp-b/g1/week24c.html,AI caller/helper,https://cec-robo.cecenglishcamp.workers.dev/api/ai/chat/completions,"1160,1163",True,False,True
camp-b/g1/week25a.html,AI caller/helper,https://cec-robo.cecenglishcamp.workers.dev/api/ai/chat/completions,"1138,1141",True,False,True
camp-b/g1/week25b.html,AI caller/helper,https://cec-robo.cecenglishcamp.workers.dev/api/ai/chat/completions,"1138,1141",True,False,True
camp-b/g1/week25c.html,AI caller/helper,https://cec-robo.cecenglishcamp.workers.dev/api/ai/chat/completions,"1138,1141",True,False,True
camp-b/g1/week26a.html,AI caller/helper,https://cec-robo.cecenglishcamp.workers.dev/api/ai/chat/completions,"1138,1141",True,False,True
camp-b/g1/week26b.html,AI caller/helper,https://cec-robo.cecenglishcamp.workers.dev/api/ai/chat/completions,"1138,1141",True,False,True
camp-b/g1/week26c.html,AI caller/helper,https://cec-robo.cecenglishcamp.workers.dev/api/ai/chat/completions,"1138,1141",True,False,True
camp-b/g1/week27a.html,AI caller/helper,https://cec-robo.cecenglishcamp.workers.dev/api/ai/chat/completions,"1124,1127",True,False,True
camp-b/g1/week27b.html,AI caller/helper,https://cec-robo.cecenglishcamp.workers.dev/api/ai/chat/completions,"1138,1141",True,False,True
camp-b/g1/week27c.html,AI caller/helper,https://cec-robo.cecenglishcamp.workers.dev/api/ai/chat/completions,"1140,1143",True,False,True
camp-b/g1/week28a.html,AI caller/helper,https://cec-robo.cecenglishcamp.workers.dev/api/ai/chat/completions,"1124,1127",True,False,True
camp-b/g1/week28b.html,AI caller/helper,https://cec-robo.cecenglishcamp.workers.dev/api/ai/chat/completions,"1138,1141",True,False,True
camp-b/g1/week28c.html,AI caller/helper,https://cec-robo.cecenglishcamp.workers.dev/api/ai/chat/completions,"1140,1143",True,False,True
camp-b/g1/week29a.html,AI caller/helper,https://cec-robo.cecenglishcamp.workers.dev/api/ai/chat/completions,"1138,1141",True,False,True
camp-b/g1/week29b.html,AI caller/helper,https://cec-robo.cecenglishcamp.workers.dev/api/ai/chat/completions,"1138,1141",True,False,True
camp-b/g1/week29c.html,AI caller/helper,https://cec-robo.cecenglishcamp.workers.dev/api/ai/chat/completions,"1130,1133",True,False,True
camp-b/g1/week30a.html,AI caller/helper,https://cec-robo.cecenglishcamp.workers.dev/api/ai/chat/completions,"1124,1127",True,False,True
camp-b/g1/week30b.html,AI caller/helper,https://cec-robo.cecenglishcamp.workers.dev/api/ai/chat/completions,"1148,1151",True,False,True
camp-b/g1/week30c.html,AI caller/helper,https://cec-robo.cecenglishcamp.workers.dev/api/ai/chat/completions,"1148,1151",True,False,True
camp-b/g1/week31a.html,AI caller/helper,https://cec-robo.cecenglishcamp.workers.dev/api/ai/chat/completions,"1132,1135",True,False,True
camp-b/g1/week31b.html,AI caller/helper,https://cec-robo.cecenglishcamp.workers.dev/api/ai/chat/completions,"1130,1133",True,False,True
camp-b/g1/week31c.html,AI caller/helper,https://cec-robo.cecenglishcamp.workers.dev/api/ai/chat/completions,"1138,1141",True,False,True
camp-b/g1/week32a.html,AI caller/helper,https://cec-robo.cecenglishcamp.workers.dev/api/ai/chat/completions,"1124,1127",True,False,True
camp-b/g1/week32b.html,AI caller/helper,https://cec-robo.cecenglishcamp.workers.dev/api/ai/chat/completions,"1126,1129",True,False,True
camp-b/g1/week32c.html,AI caller/helper,https://cec-robo.cecenglishcamp.workers.dev/api/ai/chat/completions,"1150,1153",True,False,True
camp-b/g1/week33a.html,AI caller/helper,https://cec-robo.cecenglishcamp.workers.dev/api/ai/chat/completions,"1132,1135",True,False,True
camp-b/g1/week33b.html,AI caller/helper,https://cec-robo.cecenglishcamp.workers.dev/api/ai/chat/completions,"1166,1169",True,False,True
camp-b/g1/week33c.html,AI caller/helper,https://cec-robo.cecenglishcamp.workers.dev/api/ai/chat/completions,"1132,1135",True,False,True
camp-b/g1/week34a.html,AI caller/helper,https://cec-robo.cecenglishcamp.workers.dev/api/ai/chat/completions,"1138,1141",True,False,True
camp-b/g1/week34b.html,AI caller/helper,https://cec-robo.cecenglishcamp.workers.dev/api/ai/chat/completions,"1140,1143",True,False,True
camp-b/g1/week34c.html,AI caller/helper,https://cec-robo.cecenglishcamp.workers.dev/api/ai/chat/completions,"1130,1133",True,False,True
camp-b/g1/week35a.html,AI caller/helper,https://cec-robo.cecenglishcamp.workers.dev/api/ai/chat/completions,"1132,1135",True,False,True
camp-b/g1/week35b.html,AI caller/helper,https://cec-robo.cecenglishcamp.workers.dev/api/ai/chat/completions,"1138,1141",True,False,True
camp-b/g1/week35c.html,AI caller/helper,https://cec-robo.cecenglishcamp.workers.dev/api/ai/chat/completions,"1138,1141",True,False,True
camp-b/g1/week36a.html,AI caller/helper,https://cec-robo.cecenglishcamp.workers.dev/api/ai/chat/completions,"1126,1129",True,False,True
camp-b/g1/week36b.html,AI caller/helper,https://cec-robo.cecenglishcamp.workers.dev/api/ai/chat/completions,"1144,1147",True,False,True
camp-b/g1/week36c.html,AI caller/helper,https://cec-robo.cecenglishcamp.workers.dev/api/ai/chat/completions,"1142,1145",True,False,True
camp-b/g2/week01a.html,AI caller/helper,https://cec-robo.cecenglishcamp.workers.dev/api/ai/chat/completions,"1212,1215",True,False,True
camp-b/g2/week01b.html,AI caller/helper,https://cec-robo.cecenglishcamp.workers.dev/api/ai/chat/completions,"1210,1213",True,False,True
camp-b/g2/week01c.html,AI caller/helper,https://cec-robo.cecenglishcamp.workers.dev/api/ai/chat/completions,"1210,1213",True,False,True
camp-b/g2/week02a.html,AI caller/helper,https://cec-robo.cecenglishcamp.workers.dev/api/ai/chat/completions,"1205,1208",True,False,True
camp-b/g2/week02b.html,AI caller/helper,https://cec-robo.cecenglishcamp.workers.dev/api/ai/chat/completions,"1205,1208",True,False,True
camp-b/g2/week02c.html,AI caller/helper,https://cec-robo.cecenglishcamp.workers.dev/api/ai/chat/completions,"1205,1208",True,False,True
camp-b/g2/week03a.html,AI caller/helper,https://cec-robo.cecenglishcamp.workers.dev/api/ai/chat/completions,"1205,1208",True,False,True
camp-b/g2/week03b.html,AI caller/helper,https://cec-robo.cecenglishcamp.workers.dev/api/ai/chat/completions,"1205,1208",True,False,True
camp-b/g2/week03c.html,AI caller/helper,https://cec-robo.cecenglishcamp.workers.dev/api/ai/chat/completions,"1205,1208",True,False,True
camp-b/g2/week04a.html,AI caller/helper,https://cec-robo.cecenglishcamp.workers.dev/api/ai/chat/completions,"1205,1208",True,False,True
camp-b/g2/week04b.html,AI caller/helper,https://cec-robo.cecenglishcamp.workers.dev/api/ai/chat/completions,"1205,1208",True,False,True
camp-b/g2/week04c.html,AI caller/helper,https://cec-robo.cecenglishcamp.workers.dev/api/ai/chat/completions,"1205,1208",True,False,True
camp-b/g2/week05a.html,AI caller/helper,https://cec-robo.cecenglishcamp.workers.dev/api/ai/chat/completions,"1205,1208",True,False,True
camp-b/g2/week05b.html,AI caller/helper,https://cec-robo.cecenglishcamp.workers.dev/api/ai/chat/completions,"1205,1208",True,False,True
camp-b/g2/week05c.html,AI caller/helper,https://cec-robo.cecenglishcamp.workers.dev/api/ai/chat/completions,"1205,1208",True,False,True
camp-b/g2/week06a.html,AI caller/helper,https://cec-robo.cecenglishcamp.workers.dev/api/ai/chat/completions,"1205,1208",True,False,True
camp-b/g2/week06b.html,AI caller/helper,https://cec-robo.cecenglishcamp.workers.dev/api/ai/chat/completions,"1205,1208",True,False,True
camp-b/g2/week06c.html,AI caller/helper,https://cec-robo.cecenglishcamp.workers.dev/api/ai/chat/completions,"1205,1208",True,False,True
camp-b/g2/week07a.html,AI caller/helper,https://cec-robo.cecenglishcamp.workers.dev/api/ai/chat/completions,"1205,1208",True,False,True
camp-b/g2/week07b.html,AI caller/helper,https://cec-robo.cecenglishcamp.workers.dev/api/ai/chat/completions,"1205,1208",True,False,True
camp-b/g2/week07c.html,AI caller/helper,https://cec-robo.cecenglishcamp.workers.dev/api/ai/chat/completions,"1205,1208",True,False,True
camp-b/g2/week08a.html,AI caller/helper,https://cec-robo.cecenglishcamp.workers.dev/api/ai/chat/completions,"1205,1208",True,False,True
camp-b/g2/week08b.html,AI caller/helper,https://cec-robo.cecenglishcamp.workers.dev/api/ai/chat/completions,"1205,1208",True,False,True
camp-b/g2/week08c.html,AI caller/helper,https://cec-robo.cecenglishcamp.workers.dev/api/ai/chat/completions,"1205,1208",True,False,True
camp-b/g2/week09a.html,AI caller/helper,https://cec-robo.cecenglishcamp.workers.dev/api/ai/chat/completions,"1205,1208",True,False,True
camp-b/g2/week09b.html,AI caller/helper,https://cec-robo.cecenglishcamp.workers.dev/api/ai/chat/completions,"1205,1208",True,False,True
camp-b/g2/week09c.html,AI caller/helper,https://cec-robo.cecenglishcamp.workers.dev/api/ai/chat/completions,"1205,1208",True,False,True
camp-b/g2/week10a.html,AI caller/helper,https://cec-robo.cecenglishcamp.workers.dev/api/ai/chat/completions,"1205,1208",True,False,True
camp-b/g2/week10b.html,AI caller/helper,https://cec-robo.cecenglishcamp.workers.dev/api/ai/chat/completions,"1205,1208",True,False,True
camp-b/g2/week10c.html,AI caller/helper,https://cec-robo.cecenglishcamp.workers.dev/api/ai/chat/completions,"1205,1208",True,False,True
camp-b/g2/week11a.html,AI caller/helper,https://cec-robo.cecenglishcamp.workers.dev/api/ai/chat/completions,"1205,1208",True,False,True
camp-b/g2/week11b.html,AI caller/helper,https://cec-robo.cecenglishcamp.workers.dev/api/ai/chat/completions,"1205,1208",True,False,True
camp-b/g2/week11c.html,AI caller/helper,https://cec-robo.cecenglishcamp.workers.dev/api/ai/chat/completions,"1205,1208",True,False,True
camp-b/g2/week12a.html,AI caller/helper,https://cec-robo.cecenglishcamp.workers.dev/api/ai/chat/completions,"1205,1208",True,False,True
camp-b/g2/week12b.html,AI caller/helper,https://cec-robo.cecenglishcamp.workers.dev/api/ai/chat/completions,"1205,1208",True,False,True
camp-b/g2/week12c.html,AI caller/helper,https://cec-robo.cecenglishcamp.workers.dev/api/ai/chat/completions,"1205,1208",True,False,True
camp-b/g2/week13a.html,AI caller/helper,https://cec-robo.cecenglishcamp.workers.dev/api/ai/chat/completions,"1205,1208",True,False,True
camp-b/g2/week13b.html,AI caller/helper,https://cec-robo.cecenglishcamp.workers.dev/api/ai/chat/completions,"1205,1208",True,False,True
camp-b/g2/week13c.html,AI caller/helper,https://cec-robo.cecenglishcamp.workers.dev/api/ai/chat/completions,"1205,1208",True,False,True
camp-b/g2/week14a.html,AI caller/helper,https://cec-robo.cecenglishcamp.workers.dev/api/ai/chat/completions,"1205,1208",True,False,True
camp-b/g2/week14b.html,AI caller/helper,https://cec-robo.cecenglishcamp.workers.dev/api/ai/chat/completions,"1205,1208",True,False,True
camp-b/g2/week14c.html,AI caller/helper,https://cec-robo.cecenglishcamp.workers.dev/api/ai/chat/completions,"1205,1208",True,False,True
camp-b/g2/week15a.html,AI caller/helper,https://cec-robo.cecenglishcamp.workers.dev/api/ai/chat/completions,"1205,1208",True,False,True
camp-b/g2/week15b.html,AI caller/helper,https://cec-robo.cecenglishcamp.workers.dev/api/ai/chat/completions,"1205,1208",True,False,True
camp-b/g2/week15c.html,AI caller/helper,https://cec-robo.cecenglishcamp.workers.dev/api/ai/chat/completions,"1205,1208",True,False,True
camp-b/g2/week16a.html,AI caller/helper,https://cec-robo.cecenglishcamp.workers.dev/api/ai/chat/completions,"1205,1208",True,False,True
camp-b/g2/week16b.html,AI caller/helper,https://cec-robo.cecenglishcamp.workers.dev/api/ai/chat/completions,"1205,1208",True,False,True
camp-b/g2/week16c.html,AI caller/helper,https://cec-robo.cecenglishcamp.workers.dev/api/ai/chat/completions,"1205,1208",True,False,True
camp-b/g2/week17a.html,AI caller/helper,https://cec-robo.cecenglishcamp.workers.dev/api/ai/chat/completions,"1205,1208",True,False,True
camp-b/g2/week17b.html,AI caller/helper,https://cec-robo.cecenglishcamp.workers.dev/api/ai/chat/completions,"1205,1208",True,False,True
camp-b/g2/week17c.html,AI caller/helper,https://cec-robo.cecenglishcamp.workers.dev/api/ai/chat/completions,"1205,1208",True,False,True
camp-b/g2/week18a.html,AI caller/helper,https://cec-robo.cecenglishcamp.workers.dev/api/ai/chat/completions,"1205,1208",True,False,True
camp-b/g2/week18b.html,AI caller/helper,https://cec-robo.cecenglishcamp.workers.dev/api/ai/chat/completions,"1205,1208",True,False,True
camp-b/g2/week18c.html,AI caller/helper,https://cec-robo.cecenglishcamp.workers.dev/api/ai/chat/completions,"1205,1208",True,False,True
camp-b/g2/week19a.html,AI caller/helper,https://cec-robo.cecenglishcamp.workers.dev/api/ai/chat/completions,"1205,1208",True,False,True
camp-b/g2/week19b.html,AI caller/helper,https://cec-robo.cecenglishcamp.workers.dev/api/ai/chat/completions,"1205,1208",True,False,True
camp-b/g2/week19c.html,AI caller/helper,https://cec-robo.cecenglishcamp.workers.dev/api/ai/chat/completions,"1205,1208",True,False,True
camp-b/g2/week20a.html,AI caller/helper,https://cec-robo.cecenglishcamp.workers.dev/api/ai/chat/completions,"1205,1208",True,False,True
camp-b/g2/week20b.html,AI caller/helper,https://cec-robo.cecenglishcamp.workers.dev/api/ai/chat/completions,"1205,1208",True,False,True
camp-b/g2/week20c.html,AI caller/helper,https://cec-robo.cecenglishcamp.workers.dev/api/ai/chat/completions,"1205,1208",True,False,True
camp-b/g2/week21a.html,AI caller/helper,https://cec-robo.cecenglishcamp.workers.dev/api/ai/chat/completions,"1205,1208",True,False,True
camp-b/g2/week21b.html,AI caller/helper,https://cec-robo.cecenglishcamp.workers.dev/api/ai/chat/completions,"1205,1208",True,False,True
camp-b/g2/week21c.html,AI caller/helper,https://cec-robo.cecenglishcamp.workers.dev/api/ai/chat/completions,"1205,1208",True,False,True
camp-b/g2/week22a.html,AI caller/helper,https://cec-robo.cecenglishcamp.workers.dev/api/ai/chat/completions,"1205,1208",True,False,True
camp-b/g2/week22b.html,AI caller/helper,https://cec-robo.cecenglishcamp.workers.dev/api/ai/chat/completions,"1205,1208",True,False,True
camp-b/g2/week22c.html,AI caller/helper,https://cec-robo.cecenglishcamp.workers.dev/api/ai/chat/completions,"1205,1208",True,False,True
camp-b/g2/week23a.html,AI caller/helper,https://cec-robo.cecenglishcamp.workers.dev/api/ai/chat/completions,"1205,1208",True,False,True
camp-b/g2/week23b.html,AI caller/helper,https://cec-robo.cecenglishcamp.workers.dev/api/ai/chat/completions,"1205,1208",True,False,True
camp-b/g2/week23c.html,AI caller/helper,https://cec-robo.cecenglishcamp.workers.dev/api/ai/chat/completions,"1205,1208",True,False,True
camp-b/g2/week24a.html,AI caller/helper,https://cec-robo.cecenglishcamp.workers.dev/api/ai/chat/completions,"1205,1208",True,False,True
camp-b/g2/week24b.html,AI caller/helper,https://cec-robo.cecenglishcamp.workers.dev/api/ai/chat/completions,"1205,1208",True,False,True
camp-b/g2/week24c.html,AI caller/helper,https://cec-robo.cecenglishcamp.workers.dev/api/ai/chat/completions,"1205,1208",True,False,True
camp-b/g2/week25a.html,AI caller/helper,https://cec-robo.cecenglishcamp.workers.dev/api/ai/chat/completions,"1205,1208",True,False,True
camp-b/g2/week25b.html,AI caller/helper,https://cec-robo.cecenglishcamp.workers.dev/api/ai/chat/completions,"1205,1208",True,False,True
camp-b/g2/week25c.html,AI caller/helper,https://cec-robo.cecenglishcamp.workers.dev/api/ai/chat/completions,"1205,1208",True,False,True
camp-b/g2/week26a.html,AI caller/helper,https://cec-robo.cecenglishcamp.workers.dev/api/ai/chat/completions,"1205,1208",True,False,True
camp-b/g2/week26b.html,AI caller/helper,https://cec-robo.cecenglishcamp.workers.dev/api/ai/chat/completions,"1205,1208",True,False,True
camp-b/g2/week26c.html,AI caller/helper,https://cec-robo.cecenglishcamp.workers.dev/api/ai/chat/completions,"1205,1208",True,False,True
camp-b/g2/week27a.html,AI caller/helper,https://cec-robo.cecenglishcamp.workers.dev/api/ai/chat/completions,"1205,1208",True,False,True
camp-b/g2/week27b.html,AI caller/helper,https://cec-robo.cecenglishcamp.workers.dev/api/ai/chat/completions,"1205,1208",True,False,True
camp-b/g2/week27c.html,AI caller/helper,https://cec-robo.cecenglishcamp.workers.dev/api/ai/chat/completions,"1205,1208",True,False,True
camp-b/g2/week28a.html,AI caller/helper,https://cec-robo.cecenglishcamp.workers.dev/api/ai/chat/completions,"1205,1208",True,False,True
camp-b/g2/week28b.html,AI caller/helper,https://cec-robo.cecenglishcamp.workers.dev/api/ai/chat/completions,"1205,1208",True,False,True
camp-b/g2/week28c.html,AI caller/helper,https://cec-robo.cecenglishcamp.workers.dev/api/ai/chat/completions,"1205,1208",True,False,True
camp-b/g2/week29a.html,AI caller/helper,https://cec-robo.cecenglishcamp.workers.dev/api/ai/chat/completions,"1205,1208",True,False,True
camp-b/g2/week29b.html,AI caller/helper,https://cec-robo.cecenglishcamp.workers.dev/api/ai/chat/completions,"1205,1208",True,False,True
camp-b/g2/week29c.html,AI caller/helper,https://cec-robo.cecenglishcamp.workers.dev/api/ai/chat/completions,"1205,1208",True,False,True
camp-b/g2/week30a.html,AI caller/helper,https://cec-robo.cecenglishcamp.workers.dev/api/ai/chat/completions,"1205,1208",True,False,True
camp-b/g2/week30b.html,AI caller/helper,https://cec-robo.cecenglishcamp.workers.dev/api/ai/chat/completions,"1205,1208",True,False,True
camp-b/g2/week30c.html,AI caller/helper,https://cec-robo.cecenglishcamp.workers.dev/api/ai/chat/completions,"1205,1208",True,False,True
camp-b/g2/week31a.html,AI caller/helper,https://cec-robo.cecenglishcamp.workers.dev/api/ai/chat/completions,"1205,1208",True,False,True
camp-b/g2/week31b.html,AI caller/helper,https://cec-robo.cecenglishcamp.workers.dev/api/ai/chat/completions,"1205,1208",True,False,True
camp-b/g2/week31c.html,AI caller/helper,https://cec-robo.cecenglishcamp.workers.dev/api/ai/chat/completions,"1205,1208",True,False,True
camp-b/g2/week32a.html,AI caller/helper,https://cec-robo.cecenglishcamp.workers.dev/api/ai/chat/completions,"1205,1208",True,False,True
camp-b/g2/week32b.html,AI caller/helper,https://cec-robo.cecenglishcamp.workers.dev/api/ai/chat/completions,"1205,1208",True,False,True
camp-b/g2/week32c.html,AI caller/helper,https://cec-robo.cecenglishcamp.workers.dev/api/ai/chat/completions,"1205,1208",True,False,True
camp-b/g2/week33a.html,AI caller/helper,https://cec-robo.cecenglishcamp.workers.dev/api/ai/chat/completions,"1205,1208",True,False,True
camp-b/g2/week33b.html,AI caller/helper,https://cec-robo.cecenglishcamp.workers.dev/api/ai/chat/completions,"1205,1208",True,False,True
camp-b/g2/week33c.html,AI caller/helper,https://cec-robo.cecenglishcamp.workers.dev/api/ai/chat/completions,"1205,1208",True,False,True
camp-b/g2/week34a.html,AI caller/helper,https://cec-robo.cecenglishcamp.workers.dev/api/ai/chat/completions,"1205,1208",True,False,True
camp-b/g2/week34b.html,AI caller/helper,https://cec-robo.cecenglishcamp.workers.dev/api/ai/chat/completions,"1205,1208",True,False,True
camp-b/g2/week34c.html,AI caller/helper,https://cec-robo.cecenglishcamp.workers.dev/api/ai/chat/completions,"1205,1208",True,False,True
camp-b/g2/week35a.html,AI caller/helper,https://cec-robo.cecenglishcamp.workers.dev/api/ai/chat/completions,"1205,1208",True,False,True
camp-b/g2/week35b.html,AI caller/helper,https://cec-robo.cecenglishcamp.workers.dev/api/ai/chat/completions,"1205,1208",True,False,True
camp-b/g2/week35c.html,AI caller/helper,https://cec-robo.cecenglishcamp.workers.dev/api/ai/chat/completions,"1205,1208",True,False,True
camp-b/g2/week36a.html,AI caller/helper,https://cec-robo.cecenglishcamp.workers.dev/api/ai/chat/completions,"1205,1208",True,False,True
camp-b/g2/week36b.html,AI caller/helper,https://cec-robo.cecenglishcamp.workers.dev/api/ai/chat/completions,"1205,1208",True,False,True
camp-b/g2/week36c.html,AI caller/helper,https://cec-robo.cecenglishcamp.workers.dev/api/ai/chat/completions,"1205,1208",True,False,True
camp-b/g3/week01a.html,AI caller/helper,https://cec-robo.cecenglishcamp.workers.dev/api/ai/chat/completions,"1210,1213",True,False,True
camp-b/g3/week01b.html,AI caller/helper,https://cec-robo.cecenglishcamp.workers.dev/api/ai/chat/completions,"1210,1213",True,False,True
camp-b/g3/week01c.html,AI caller/helper,https://cec-robo.cecenglishcamp.workers.dev/api/ai/chat/completions,"1210,1213",True,False,True
camp-b/g3/week02a.html,AI caller/helper,https://cec-robo.cecenglishcamp.workers.dev/api/ai/chat/completions,"1210,1213",True,False,True
camp-b/g3/week02b.html,AI caller/helper,https://cec-robo.cecenglishcamp.workers.dev/api/ai/chat/completions,"1210,1213",True,False,True
camp-b/g3/week02c.html,AI caller/helper,https://cec-robo.cecenglishcamp.workers.dev/api/ai/chat/completions,"1210,1213",True,False,True
camp-b/g3/week03a.html,AI caller/helper,https://cec-robo.cecenglishcamp.workers.dev/api/ai/chat/completions,"1210,1213",True,False,True
camp-b/g3/week03b.html,AI caller/helper,https://cec-robo.cecenglishcamp.workers.dev/api/ai/chat/completions,"1210,1213",True,False,True
camp-b/g3/week03c.html,AI caller/helper,https://cec-robo.cecenglishcamp.workers.dev/api/ai/chat/completions,"1210,1213",True,False,True
camp-b/g3/week04a.html,AI caller/helper,https://cec-robo.cecenglishcamp.workers.dev/api/ai/chat/completions,"1210,1213",True,False,True
camp-b/g3/week04b.html,AI caller/helper,https://cec-robo.cecenglishcamp.workers.dev/api/ai/chat/completions,"1210,1213",True,False,True
camp-b/g3/week04c.html,AI caller/helper,https://cec-robo.cecenglishcamp.workers.dev/api/ai/chat/completions,"1210,1213",True,False,True
camp-b/g3/week05a.html,AI caller/helper,https://cec-robo.cecenglishcamp.workers.dev/api/ai/chat/completions,"1210,1213",True,False,True
camp-b/g3/week05b.html,AI caller/helper,https://cec-robo.cecenglishcamp.workers.dev/api/ai/chat/completions,"1210,1213",True,False,True
camp-b/g3/week05c.html,AI caller/helper,https://cec-robo.cecenglishcamp.workers.dev/api/ai/chat/completions,"1210,1213",True,False,True
camp-b/g3/week06a.html,AI caller/helper,https://cec-robo.cecenglishcamp.workers.dev/api/ai/chat/completions,"1210,1213",True,False,True
camp-b/g3/week06b.html,AI caller/helper,https://cec-robo.cecenglishcamp.workers.dev/api/ai/chat/completions,"1210,1213",True,False,True
camp-b/g3/week06c.html,AI caller/helper,https://cec-robo.cecenglishcamp.workers.dev/api/ai/chat/completions,"1210,1213",True,False,True
camp-b/g3/week07a.html,AI caller/helper,https://cec-robo.cecenglishcamp.workers.dev/api/ai/chat/completions,"1210,1213",True,False,True
camp-b/g3/week07b.html,AI caller/helper,https://cec-robo.cecenglishcamp.workers.dev/api/ai/chat/completions,"1210,1213",True,False,True
camp-b/g3/week07c.html,AI caller/helper,https://cec-robo.cecenglishcamp.workers.dev/api/ai/chat/completions,"1210,1213",True,False,True
camp-b/g3/week08a.html,AI caller/helper,https://cec-robo.cecenglishcamp.workers.dev/api/ai/chat/completions,"1210,1213",True,False,True
camp-b/g3/week08b.html,AI caller/helper,https://cec-robo.cecenglishcamp.workers.dev/api/ai/chat/completions,"1210,1213",True,False,True
camp-b/g3/week08c.html,AI caller/helper,https://cec-robo.cecenglishcamp.workers.dev/api/ai/chat/completions,"1210,1213",True,False,True
camp-b/g3/week09a.html,AI caller/helper,https://cec-robo.cecenglishcamp.workers.dev/api/ai/chat/completions,"1210,1213",True,False,True
camp-b/g3/week09b.html,AI caller/helper,https://cec-robo.cecenglishcamp.workers.dev/api/ai/chat/completions,"1210,1213",True,False,True
camp-b/g3/week09c.html,AI caller/helper,https://cec-robo.cecenglishcamp.workers.dev/api/ai/chat/completions,"1210,1213",True,False,True
camp-b/g3/week10a.html,AI caller/helper,https://cec-robo.cecenglishcamp.workers.dev/api/ai/chat/completions,"1210,1213",True,False,True
camp-b/g3/week10b.html,AI caller/helper,https://cec-robo.cecenglishcamp.workers.dev/api/ai/chat/completions,"1210,1213",True,False,True
camp-b/g3/week10c.html,AI caller/helper,https://cec-robo.cecenglishcamp.workers.dev/api/ai/chat/completions,"1210,1213",True,False,True
camp-b/g3/week11a.html,AI caller/helper,https://cec-robo.cecenglishcamp.workers.dev/api/ai/chat/completions,"1210,1213",True,False,True
camp-b/g3/week11b.html,AI caller/helper,https://cec-robo.cecenglishcamp.workers.dev/api/ai/chat/completions,"1210,1213",True,False,True
camp-b/g3/week11c.html,AI caller/helper,https://cec-robo.cecenglishcamp.workers.dev/api/ai/chat/completions,"1210,1213",True,False,True
camp-b/g3/week12a.html,AI caller/helper,https://cec-robo.cecenglishcamp.workers.dev/api/ai/chat/completions,"1210,1213",True,False,True
camp-b/g3/week12b.html,AI caller/helper,https://cec-robo.cecenglishcamp.workers.dev/api/ai/chat/completions,"1210,1213",True,False,True
camp-b/g3/week12c.html,AI caller/helper,https://cec-robo.cecenglishcamp.workers.dev/api/ai/chat/completions,"1210,1213",True,False,True
camp-b/g3/week13a.html,AI caller/helper,https://cec-robo.cecenglishcamp.workers.dev/api/ai/chat/completions,"1210,1213",True,False,True
camp-b/g3/week13b.html,AI caller/helper,https://cec-robo.cecenglishcamp.workers.dev/api/ai/chat/completions,"1210,1213",True,False,True
camp-b/g3/week13c.html,AI caller/helper,https://cec-robo.cecenglishcamp.workers.dev/api/ai/chat/completions,"1210,1213",True,False,True
camp-b/g3/week14a.html,AI caller/helper,https://cec-robo.cecenglishcamp.workers.dev/api/ai/chat/completions,"1210,1213",True,False,True
camp-b/g3/week14b.html,AI caller/helper,https://cec-robo.cecenglishcamp.workers.dev/api/ai/chat/completions,"1210,1213",True,False,True
camp-b/g3/week14c.html,AI caller/helper,https://cec-robo.cecenglishcamp.workers.dev/api/ai/chat/completions,"1210,1213",True,False,True
camp-b/g3/week15a.html,AI caller/helper,https://cec-robo.cecenglishcamp.workers.dev/api/ai/chat/completions,"1210,1213",True,False,True
camp-b/g3/week15b.html,AI caller/helper,https://cec-robo.cecenglishcamp.workers.dev/api/ai/chat/completions,"1210,1213",True,False,True
camp-b/g3/week15c.html,AI caller/helper,https://cec-robo.cecenglishcamp.workers.dev/api/ai/chat/completions,"1210,1213",True,False,True
camp-b/g3/week16a.html,AI caller/helper,https://cec-robo.cecenglishcamp.workers.dev/api/ai/chat/completions,"1210,1213",True,False,True
camp-b/g3/week16b.html,AI caller/helper,https://cec-robo.cecenglishcamp.workers.dev/api/ai/chat/completions,"1210,1213",True,False,True
camp-b/g3/week16c.html,AI caller/helper,https://cec-robo.cecenglishcamp.workers.dev/api/ai/chat/completions,"1210,1213",True,False,True
camp-b/g3/week17a.html,AI caller/helper,https://cec-robo.cecenglishcamp.workers.dev/api/ai/chat/completions,"1210,1213",True,False,True
camp-b/g3/week17b.html,AI caller/helper,https://cec-robo.cecenglishcamp.workers.dev/api/ai/chat/completions,"1210,1213",True,False,True
camp-b/g3/week17c.html,AI caller/helper,https://cec-robo.cecenglishcamp.workers.dev/api/ai/chat/completions,"1210,1213",True,False,True
camp-b/g3/week18a.html,AI caller/helper,https://cec-robo.cecenglishcamp.workers.dev/api/ai/chat/completions,"1210,1213",True,False,True
camp-b/g3/week18b.html,AI caller/helper,https://cec-robo.cecenglishcamp.workers.dev/api/ai/chat/completions,"1210,1213",True,False,True
camp-b/g3/week18c.html,AI caller/helper,https://cec-robo.cecenglishcamp.workers.dev/api/ai/chat/completions,"1210,1213",True,False,True
camp-b/g3/week19a.html,AI caller/helper,https://cec-robo.cecenglishcamp.workers.dev/api/ai/chat/completions,"1210,1213",True,False,True
camp-b/g3/week19b.html,AI caller/helper,https://cec-robo.cecenglishcamp.workers.dev/api/ai/chat/completions,"1210,1213",True,False,True
camp-b/g3/week19c.html,AI caller/helper,https://cec-robo.cecenglishcamp.workers.dev/api/ai/chat/completions,"1210,1213",True,False,True
camp-b/g3/week20a.html,AI caller/helper,https://cec-robo.cecenglishcamp.workers.dev/api/ai/chat/completions,"1210,1213",True,False,True
camp-b/g3/week20b.html,AI caller/helper,https://cec-robo.cecenglishcamp.workers.dev/api/ai/chat/completions,"1210,1213",True,False,True
camp-b/g3/week20c.html,AI caller/helper,https://cec-robo.cecenglishcamp.workers.dev/api/ai/chat/completions,"1210,1213",True,False,True
camp-b/g3/week21a.html,AI caller/helper,https://cec-robo.cecenglishcamp.workers.dev/api/ai/chat/completions,"1210,1213",True,False,True
camp-b/g3/week21b.html,AI caller/helper,https://cec-robo.cecenglishcamp.workers.dev/api/ai/chat/completions,"1210,1213",True,False,True
camp-b/g3/week21c.html,AI caller/helper,https://cec-robo.cecenglishcamp.workers.dev/api/ai/chat/completions,"1210,1213",True,False,True
camp-b/g3/week22a.html,AI caller/helper,https://cec-robo.cecenglishcamp.workers.dev/api/ai/chat/completions,"1210,1213",True,False,True
camp-b/g3/week22b.html,AI caller/helper,https://cec-robo.cecenglishcamp.workers.dev/api/ai/chat/completions,"1210,1213",True,False,True
camp-b/g3/week22c.html,AI caller/helper,https://cec-robo.cecenglishcamp.workers.dev/api/ai/chat/completions,"1210,1213",True,False,True
camp-b/g3/week23a.html,AI caller/helper,https://cec-robo.cecenglishcamp.workers.dev/api/ai/chat/completions,"1210,1213",True,False,True
camp-b/g3/week23b.html,AI caller/helper,https://cec-robo.cecenglishcamp.workers.dev/api/ai/chat/completions,"1210,1213",True,False,True
camp-b/g3/week23c.html,AI caller/helper,https://cec-robo.cecenglishcamp.workers.dev/api/ai/chat/completions,"1210,1213",True,False,True
camp-b/g3/week24a.html,AI caller/helper,https://cec-robo.cecenglishcamp.workers.dev/api/ai/chat/completions,"1210,1213",True,False,True
camp-b/g3/week24b.html,AI caller/helper,https://cec-robo.cecenglishcamp.workers.dev/api/ai/chat/completions,"1210,1213",True,False,True
camp-b/g3/week24c.html,AI caller/helper,https://cec-robo.cecenglishcamp.workers.dev/api/ai/chat/completions,"1210,1213",True,False,True
camp-b/g3/week25a.html,AI caller/helper,https://cec-robo.cecenglishcamp.workers.dev/api/ai/chat/completions,"1210,1213",True,False,True
camp-b/g3/week25b.html,AI caller/helper,https://cec-robo.cecenglishcamp.workers.dev/api/ai/chat/completions,"1210,1213",True,False,True
camp-b/g3/week25c.html,AI caller/helper,https://cec-robo.cecenglishcamp.workers.dev/api/ai/chat/completions,"1210,1213",True,False,True
camp-b/g3/week26a.html,AI caller/helper,https://cec-robo.cecenglishcamp.workers.dev/api/ai/chat/completions,"1210,1213",True,False,True
camp-b/g3/week26b.html,AI caller/helper,https://cec-robo.cecenglishcamp.workers.dev/api/ai/chat/completions,"1210,1213",True,False,True
camp-b/g3/week26c.html,AI caller/helper,https://cec-robo.cecenglishcamp.workers.dev/api/ai/chat/completions,"1210,1213",True,False,True
camp-b/g3/week27a.html,AI caller/helper,https://cec-robo.cecenglishcamp.workers.dev/api/ai/chat/completions,"1210,1213",True,False,True
camp-b/g3/week27b.html,AI caller/helper,https://cec-robo.cecenglishcamp.workers.dev/api/ai/chat/completions,"1210,1213",True,False,True
camp-b/g3/week27c.html,AI caller/helper,https://cec-robo.cecenglishcamp.workers.dev/api/ai/chat/completions,"1210,1213",True,False,True
camp-b/g3/week28a.html,AI caller/helper,https://cec-robo.cecenglishcamp.workers.dev/api/ai/chat/completions,"1210,1213",True,False,True
camp-b/g3/week28b.html,AI caller/helper,https://cec-robo.cecenglishcamp.workers.dev/api/ai/chat/completions,"1210,1213",True,False,True
camp-b/g3/week28c.html,AI caller/helper,https://cec-robo.cecenglishcamp.workers.dev/api/ai/chat/completions,"1210,1213",True,False,True
camp-b/g3/week29a.html,AI caller/helper,https://cec-robo.cecenglishcamp.workers.dev/api/ai/chat/completions,"1210,1213",True,False,True
camp-b/g3/week29b.html,AI caller/helper,https://cec-robo.cecenglishcamp.workers.dev/api/ai/chat/completions,"1210,1213",True,False,True
camp-b/g3/week29c.html,AI caller/helper,https://cec-robo.cecenglishcamp.workers.dev/api/ai/chat/completions,"1210,1213",True,False,True
camp-b/g3/week30a.html,AI caller/helper,https://cec-robo.cecenglishcamp.workers.dev/api/ai/chat/completions,"1210,1213",True,False,True
camp-b/g3/week30b.html,AI caller/helper,https://cec-robo.cecenglishcamp.workers.dev/api/ai/chat/completions,"1210,1213",True,False,True
camp-b/g3/week30c.html,AI caller/helper,https://cec-robo.cecenglishcamp.workers.dev/api/ai/chat/completions,"1210,1213",True,False,True
camp-b/g3/week31a.html,AI caller/helper,https://cec-robo.cecenglishcamp.workers.dev/api/ai/chat/completions,"1210,1213",True,False,True
camp-b/g3/week31b.html,AI caller/helper,https://cec-robo.cecenglishcamp.workers.dev/api/ai/chat/completions,"1210,1213",True,False,True
camp-b/g3/week31c.html,AI caller/helper,https://cec-robo.cecenglishcamp.workers.dev/api/ai/chat/completions,"1210,1213",True,False,True
camp-b/g3/week32a.html,AI caller/helper,https://cec-robo.cecenglishcamp.workers.dev/api/ai/chat/completions,"1210,1213",True,False,True
camp-b/g3/week32b.html,AI caller/helper,https://cec-robo.cecenglishcamp.workers.dev/api/ai/chat/completions,"1210,1213",True,False,True
camp-b/g3/week32c.html,AI caller/helper,https://cec-robo.cecenglishcamp.workers.dev/api/ai/chat/completions,"1210,1213",True,False,True
camp-b/g3/week33a.html,AI caller/helper,https://cec-robo.cecenglishcamp.workers.dev/api/ai/chat/completions,"1210,1213",True,False,True
camp-b/g3/week33b.html,AI caller/helper,https://cec-robo.cecenglishcamp.workers.dev/api/ai/chat/completions,"1210,1213",True,False,True
camp-b/g3/week33c.html,AI caller/helper,https://cec-robo.cecenglishcamp.workers.dev/api/ai/chat/completions,"1210,1213",True,False,True
camp-b/g3/week34a.html,AI caller/helper,https://cec-robo.cecenglishcamp.workers.dev/api/ai/chat/completions,"1210,1213",True,False,True
camp-b/g3/week34b.html,AI caller/helper,https://cec-robo.cecenglishcamp.workers.dev/api/ai/chat/completions,"1210,1213",True,False,True
camp-b/g3/week34c.html,AI caller/helper,https://cec-robo.cecenglishcamp.workers.dev/api/ai/chat/completions,"1210,1213",True,False,True
camp-b/g3/week35a.html,AI caller/helper,https://cec-robo.cecenglishcamp.workers.dev/api/ai/chat/completions,"1210,1213",True,False,True
camp-b/g3/week35b.html,AI caller/helper,https://cec-robo.cecenglishcamp.workers.dev/api/ai/chat/completions,"1210,1213",True,False,True
camp-b/g3/week35c.html,AI caller/helper,https://cec-robo.cecenglishcamp.workers.dev/api/ai/chat/completions,"1210,1213",True,False,True
camp-b/g3/week36a.html,AI caller/helper,https://cec-robo.cecenglishcamp.workers.dev/api/ai/chat/completions,"1210,1213",True,False,True
camp-b/g3/week36b.html,AI caller/helper,https://cec-robo.cecenglishcamp.workers.dev/api/ai/chat/completions,"1210,1213",True,False,True
camp-b/g3/week36c.html,AI caller/helper,https://cec-robo.cecenglishcamp.workers.dev/api/ai/chat/completions,"1210,1213",True,False,True
camp-b/m1/week01a.html,AI caller/helper,https://cec-robo.cecenglishcamp.workers.dev/api/ai/chat/completions,"1116,1119",True,False,True
camp-b/m1/week01b.html,AI caller/helper,https://cec-robo.cecenglishcamp.workers.dev/api/ai/chat/completions,"1137,1140",True,False,True
camp-b/m1/week01c.html,AI caller/helper,https://cec-robo.cecenglishcamp.workers.dev/api/ai/chat/completions,"1137,1140",True,False,True
camp-b/m1/week02a.html,AI caller/helper,https://cec-robo.cecenglishcamp.workers.dev/api/ai/chat/completions,"1132,1135",True,False,True
camp-b/m1/week02b.html,AI caller/helper,https://cec-robo.cecenglishcamp.workers.dev/api/ai/chat/completions,"1132,1135",True,False,True
camp-b/m1/week02c.html,AI caller/helper,https://cec-robo.cecenglishcamp.workers.dev/api/ai/chat/completions,"1132,1135",True,False,True
camp-b/m1/week03a.html,AI caller/helper,https://cec-robo.cecenglishcamp.workers.dev/api/ai/chat/completions,"1132,1135",True,False,True
camp-b/m1/week03b.html,AI caller/helper,https://cec-robo.cecenglishcamp.workers.dev/api/ai/chat/completions,"1122,1125",True,False,True
camp-b/m1/week03c.html,AI caller/helper,https://cec-robo.cecenglishcamp.workers.dev/api/ai/chat/completions,"1114,1117",True,False,True
camp-b/m1/week04a.html,AI caller/helper,https://cec-robo.cecenglishcamp.workers.dev/api/ai/chat/completions,"1114,1117",True,False,True
camp-b/m1/week04b.html,AI caller/helper,https://cec-robo.cecenglishcamp.workers.dev/api/ai/chat/completions,"1108,1111",True,False,True
camp-b/m1/week04c.html,AI caller/helper,https://cec-robo.cecenglishcamp.workers.dev/api/ai/chat/completions,"1108,1111",True,False,True
camp-b/m1/week05a.html,AI caller/helper,https://cec-robo.cecenglishcamp.workers.dev/api/ai/chat/completions,"1132,1135",True,False,True
camp-b/m1/week05b.html,AI caller/helper,https://cec-robo.cecenglishcamp.workers.dev/api/ai/chat/completions,"1102,1105",True,False,True
camp-b/m1/week05c.html,AI caller/helper,https://cec-robo.cecenglishcamp.workers.dev/api/ai/chat/completions,"1102,1105",True,False,True
camp-b/m1/week06a.html,AI caller/helper,https://cec-robo.cecenglishcamp.workers.dev/api/ai/chat/completions,"1132,1135",True,False,True
camp-b/m1/week06b.html,AI caller/helper,https://cec-robo.cecenglishcamp.workers.dev/api/ai/chat/completions,"1132,1135",True,False,True
camp-b/m1/week06c.html,AI caller/helper,https://cec-robo.cecenglishcamp.workers.dev/api/ai/chat/completions,"1132,1135",True,False,True
camp-b/m1/week07a.html,AI caller/helper,https://cec-robo.cecenglishcamp.workers.dev/api/ai/chat/completions,"1108,1111",True,False,True
camp-b/m1/week07b.html,AI caller/helper,https://cec-robo.cecenglishcamp.workers.dev/api/ai/chat/completions,"1102,1105",True,False,True
camp-b/m1/week07c.html,AI caller/helper,https://cec-robo.cecenglishcamp.workers.dev/api/ai/chat/completions,"1108,1111",True,False,True
camp-b/m1/week08a.html,AI caller/helper,https://cec-robo.cecenglishcamp.workers.dev/api/ai/chat/completions,"1108,1111",True,False,True
camp-b/m1/week08b.html,AI caller/helper,https://cec-robo.cecenglishcamp.workers.dev/api/ai/chat/completions,"1114,1117",True,False,True
camp-b/m1/week08c.html,AI caller/helper,https://cec-robo.cecenglishcamp.workers.dev/api/ai/chat/completions,"1114,1117",True,False,True
camp-b/m1/week09a.html,AI caller/helper,https://cec-robo.cecenglishcamp.workers.dev/api/ai/chat/completions,"1114,1117",True,False,True
camp-b/m1/week09b.html,AI caller/helper,https://cec-robo.cecenglishcamp.workers.dev/api/ai/chat/completions,"1108,1111",True,False,True
camp-b/m1/week09c.html,AI caller/helper,https://cec-robo.cecenglishcamp.workers.dev/api/ai/chat/completions,"1114,1117",True,False,True
camp-b/m1/week10a.html,AI caller/helper,https://cec-robo.cecenglishcamp.workers.dev/api/ai/chat/completions,"1114,1117",True,False,True
camp-b/m1/week10b.html,AI caller/helper,https://cec-robo.cecenglishcamp.workers.dev/api/ai/chat/completions,"1122,1125",True,False,True
camp-b/m1/week10c.html,AI caller/helper,https://cec-robo.cecenglishcamp.workers.dev/api/ai/chat/completions,"1108,1111",True,False,True
camp-b/m1/week11a.html,AI caller/helper,https://cec-robo.cecenglishcamp.workers.dev/api/ai/chat/completions,"1132,1135",True,False,True
camp-b/m1/week11b.html,AI caller/helper,https://cec-robo.cecenglishcamp.workers.dev/api/ai/chat/completions,"1108,1111",True,False,True
camp-b/m1/week11c.html,AI caller/helper,https://cec-robo.cecenglishcamp.workers.dev/api/ai/chat/completions,"1114,1117",True,False,True
camp-b/m1/week12a.html,AI caller/helper,https://cec-robo.cecenglishcamp.workers.dev/api/ai/chat/completions,"1108,1111",True,False,True
camp-b/m1/week12b.html,AI caller/helper,https://cec-robo.cecenglishcamp.workers.dev/api/ai/chat/completions,"1108,1111",True,False,True
camp-b/m1/week12c.html,AI caller/helper,https://cec-robo.cecenglishcamp.workers.dev/api/ai/chat/completions,"1108,1111",True,False,True
camp-b/m1/week13a.html,AI caller/helper,https://cec-robo.cecenglishcamp.workers.dev/api/ai/chat/completions,"1114,1117",True,False,True
camp-b/m1/week13b.html,AI caller/helper,https://cec-robo.cecenglishcamp.workers.dev/api/ai/chat/completions,"1122,1125",True,False,True
camp-b/m1/week13c.html,AI caller/helper,https://cec-robo.cecenglishcamp.workers.dev/api/ai/chat/completions,"1114,1117",True,False,True
camp-b/m1/week14a.html,AI caller/helper,https://cec-robo.cecenglishcamp.workers.dev/api/ai/chat/completions,"1116,1119",True,False,True
camp-b/m1/week14b.html,AI caller/helper,https://cec-robo.cecenglishcamp.workers.dev/api/ai/chat/completions,"1116,1119",True,False,True
camp-b/m1/week14c.html,AI caller/helper,https://cec-robo.cecenglishcamp.workers.dev/api/ai/chat/completions,"1108,1111",True,False,True
camp-b/m1/week15a.html,AI caller/helper,https://cec-robo.cecenglishcamp.workers.dev/api/ai/chat/completions,"1108,1111",True,False,True
camp-b/m1/week15b.html,AI caller/helper,https://cec-robo.cecenglishcamp.workers.dev/api/ai/chat/completions,"1132,1135",True,False,True
camp-b/m1/week15c.html,AI caller/helper,https://cec-robo.cecenglishcamp.workers.dev/api/ai/chat/completions,"1116,1119",True,False,True
camp-b/m1/week16a.html,AI caller/helper,https://cec-robo.cecenglishcamp.workers.dev/api/ai/chat/completions,"1108,1111",True,False,True
camp-b/m1/week16b.html,AI caller/helper,https://cec-robo.cecenglishcamp.workers.dev/api/ai/chat/completions,"1108,1111",True,False,True
camp-b/m1/week16c.html,AI caller/helper,https://cec-robo.cecenglishcamp.workers.dev/api/ai/chat/completions,"1132,1135",True,False,True
camp-b/m1/week17a.html,AI caller/helper,https://cec-robo.cecenglishcamp.workers.dev/api/ai/chat/completions,"1108,1111",True,False,True
camp-b/m1/week17b.html,AI caller/helper,https://cec-robo.cecenglishcamp.workers.dev/api/ai/chat/completions,"1132,1135",True,False,True
camp-b/m1/week17c.html,AI caller/helper,https://cec-robo.cecenglishcamp.workers.dev/api/ai/chat/completions,"1132,1135",True,False,True
camp-b/m1/week18a.html,AI caller/helper,https://cec-robo.cecenglishcamp.workers.dev/api/ai/chat/completions,"1132,1135",True,False,True
camp-b/m1/week18b.html,AI caller/helper,https://cec-robo.cecenglishcamp.workers.dev/api/ai/chat/completions,"1114,1117",True,False,True
camp-b/m1/week18c.html,AI caller/helper,https://cec-robo.cecenglishcamp.workers.dev/api/ai/chat/completions,"1108,1111",True,False,True
camp-b/m1/week19a.html,AI caller/helper,https://cec-robo.cecenglishcamp.workers.dev/api/ai/chat/completions,"1126,1129",True,False,True
camp-b/m1/week19b.html,AI caller/helper,https://cec-robo.cecenglishcamp.workers.dev/api/ai/chat/completions,"1132,1135",True,False,True
camp-b/m1/week19c.html,AI caller/helper,https://cec-robo.cecenglishcamp.workers.dev/api/ai/chat/completions,"1132,1135",True,False,True
camp-b/m1/week20a.html,AI caller/helper,https://cec-robo.cecenglishcamp.workers.dev/api/ai/chat/completions,"1114,1117",True,False,True
camp-b/m1/week20b.html,AI caller/helper,https://cec-robo.cecenglishcamp.workers.dev/api/ai/chat/completions,"1132,1135",True,False,True
camp-b/m1/week20c.html,AI caller/helper,https://cec-robo.cecenglishcamp.workers.dev/api/ai/chat/completions,"1102,1105",True,False,True
camp-b/m1/week21a.html,AI caller/helper,https://cec-robo.cecenglishcamp.workers.dev/api/ai/chat/completions,"1108,1111",True,False,True
camp-b/m1/week21b.html,AI caller/helper,https://cec-robo.cecenglishcamp.workers.dev/api/ai/chat/completions,"1114,1117",True,False,True
camp-b/m1/week21c.html,AI caller/helper,https://cec-robo.cecenglishcamp.workers.dev/api/ai/chat/completions,"1116,1119",True,False,True
camp-b/m1/week22a.html,AI caller/helper,https://cec-robo.cecenglishcamp.workers.dev/api/ai/chat/completions,"1132,1135",True,False,True
camp-b/m1/week22b.html,AI caller/helper,https://cec-robo.cecenglishcamp.workers.dev/api/ai/chat/completions,"1132,1135",True,False,True
camp-b/m1/week22c.html,AI caller/helper,https://cec-robo.cecenglishcamp.workers.dev/api/ai/chat/completions,"1132,1135",True,False,True
camp-b/m1/week23a.html,AI caller/helper,https://cec-robo.cecenglishcamp.workers.dev/api/ai/chat/completions,"1120,1123",True,False,True
camp-b/m1/week23b.html,AI caller/helper,https://cec-robo.cecenglishcamp.workers.dev/api/ai/chat/completions,"1132,1135",True,False,True
camp-b/m1/week23c.html,AI caller/helper,https://cec-robo.cecenglishcamp.workers.dev/api/ai/chat/completions,"1102,1105",True,False,True
camp-b/m1/week24a.html,AI caller/helper,https://cec-robo.cecenglishcamp.workers.dev/api/ai/chat/completions,"1132,1135",True,False,True
camp-b/m1/week24b.html,AI caller/helper,https://cec-robo.cecenglishcamp.workers.dev/api/ai/chat/completions,"1126,1129",True,False,True
camp-b/m1/week24c.html,AI caller/helper,https://cec-robo.cecenglishcamp.workers.dev/api/ai/chat/completions,"1114,1117",True,False,True
camp-b/m1/week25a.html,AI caller/helper,https://cec-robo.cecenglishcamp.workers.dev/api/ai/chat/completions,"1108,1111",True,False,True
camp-b/m1/week25b.html,AI caller/helper,https://cec-robo.cecenglishcamp.workers.dev/api/ai/chat/completions,"1132,1135",True,False,True
camp-b/m1/week25c.html,AI caller/helper,https://cec-robo.cecenglishcamp.workers.dev/api/ai/chat/completions,"1132,1135",True,False,True
camp-b/m1/week26a.html,AI caller/helper,https://cec-robo.cecenglishcamp.workers.dev/api/ai/chat/completions,"1132,1135",True,False,True
camp-b/m1/week26b.html,AI caller/helper,https://cec-robo.cecenglishcamp.workers.dev/api/ai/chat/completions,"1132,1135",True,False,True
camp-b/m1/week26c.html,AI caller/helper,https://cec-robo.cecenglishcamp.workers.dev/api/ai/chat/completions,"1126,1129",True,False,True
camp-b/m1/week27a.html,AI caller/helper,https://cec-robo.cecenglishcamp.workers.dev/api/ai/chat/completions,"1132,1135",True,False,True
camp-b/m1/week27b.html,AI caller/helper,https://cec-robo.cecenglishcamp.workers.dev/api/ai/chat/completions,"1116,1119",True,False,True
camp-b/m1/week27c.html,AI caller/helper,https://cec-robo.cecenglishcamp.workers.dev/api/ai/chat/completions,"1108,1111",True,False,True
camp-b/m1/week28a.html,AI caller/helper,https://cec-robo.cecenglishcamp.workers.dev/api/ai/chat/completions,"1114,1117",True,False,True
camp-b/m1/week28b.html,AI caller/helper,https://cec-robo.cecenglishcamp.workers.dev/api/ai/chat/completions,"1132,1135",True,False,True
camp-b/m1/week28c.html,AI caller/helper,https://cec-robo.cecenglishcamp.workers.dev/api/ai/chat/completions,"1108,1111",True,False,True
camp-b/m1/week29a.html,AI caller/helper,https://cec-robo.cecenglishcamp.workers.dev/api/ai/chat/completions,"1102,1105",True,False,True
camp-b/m1/week29b.html,AI caller/helper,https://cec-robo.cecenglishcamp.workers.dev/api/ai/chat/completions,"1102,1105",True,False,True
camp-b/m1/week29c.html,AI caller/helper,https://cec-robo.cecenglishcamp.workers.dev/api/ai/chat/completions,"1102,1105",True,False,True
camp-b/m1/week30a.html,AI caller/helper,https://cec-robo.cecenglishcamp.workers.dev/api/ai/chat/completions,"1108,1111",True,False,True
camp-b/m1/week30b.html,AI caller/helper,https://cec-robo.cecenglishcamp.workers.dev/api/ai/chat/completions,"1102,1105",True,False,True
camp-b/m1/week30c.html,AI caller/helper,https://cec-robo.cecenglishcamp.workers.dev/api/ai/chat/completions,"1122,1125",True,False,True
camp-b/m1/week31a.html,AI caller/helper,https://cec-robo.cecenglishcamp.workers.dev/api/ai/chat/completions,"1112,1115",True,False,True
camp-b/m1/week31b.html,AI caller/helper,https://cec-robo.cecenglishcamp.workers.dev/api/ai/chat/completions,"1102,1105",True,False,True
camp-b/m1/week31c.html,AI caller/helper,https://cec-robo.cecenglishcamp.workers.dev/api/ai/chat/completions,"1102,1105",True,False,True
camp-b/m1/week32a.html,AI caller/helper,https://cec-robo.cecenglishcamp.workers.dev/api/ai/chat/completions,"1102,1105",True,False,True
camp-b/m1/week32b.html,AI caller/helper,https://cec-robo.cecenglishcamp.workers.dev/api/ai/chat/completions,"1120,1123",True,False,True
camp-b/m1/week32c.html,AI caller/helper,https://cec-robo.cecenglishcamp.workers.dev/api/ai/chat/completions,"1108,1111",True,False,True
camp-b/m1/week33a.html,AI caller/helper,https://cec-robo.cecenglishcamp.workers.dev/api/ai/chat/completions,"1132,1135",True,False,True
camp-b/m1/week33b.html,AI caller/helper,https://cec-robo.cecenglishcamp.workers.dev/api/ai/chat/completions,"1132,1135",True,False,True
camp-b/m1/week33c.html,AI caller/helper,https://cec-robo.cecenglishcamp.workers.dev/api/ai/chat/completions,"1126,1129",True,False,True
camp-b/m1/week34a.html,AI caller/helper,https://cec-robo.cecenglishcamp.workers.dev/api/ai/chat/completions,"1108,1111",True,False,True
camp-b/m1/week34b.html,AI caller/helper,https://cec-robo.cecenglishcamp.workers.dev/api/ai/chat/completions,"1132,1135",True,False,True
camp-b/m1/week34c.html,AI caller/helper,https://cec-robo.cecenglishcamp.workers.dev/api/ai/chat/completions,"1126,1129",True,False,True
camp-b/m1/week35a.html,AI caller/helper,https://cec-robo.cecenglishcamp.workers.dev/api/ai/chat/completions,"1132,1135",True,False,True
camp-b/m1/week35b.html,AI caller/helper,https://cec-robo.cecenglishcamp.workers.dev/api/ai/chat/completions,"1102,1105",True,False,True
camp-b/m1/week35c.html,AI caller/helper,https://cec-robo.cecenglishcamp.workers.dev/api/ai/chat/completions,"1108,1111",True,False,True
camp-b/m1/week36a.html,AI caller/helper,https://cec-robo.cecenglishcamp.workers.dev/api/ai/chat/completions,"1126,1129",True,False,True
camp-b/m1/week36b.html,AI caller/helper,https://cec-robo.cecenglishcamp.workers.dev/api/ai/chat/completions,"1126,1129",True,False,True
camp-b/m1/week36c.html,AI caller/helper,https://cec-robo.cecenglishcamp.workers.dev/api/ai/chat/completions,"1132,1135",True,False,True
camp-b/m2/week01a.html,AI caller/helper,https://cec-robo.cecenglishcamp.workers.dev/api/ai/chat/completions,"1104,1107",True,False,True
camp-b/m2/week01b.html,AI caller/helper,https://cec-robo.cecenglishcamp.workers.dev/api/ai/chat/completions,"1114,1117",True,False,True
camp-b/m2/week01c.html,AI caller/helper,https://cec-robo.cecenglishcamp.workers.dev/api/ai/chat/completions,"1128,1131",True,False,True
camp-b/m2/week02a.html,AI caller/helper,https://cec-robo.cecenglishcamp.workers.dev/api/ai/chat/completions,"1128,1131",True,False,True
camp-b/m2/week02b.html,AI caller/helper,https://cec-robo.cecenglishcamp.workers.dev/api/ai/chat/completions,"1114,1117",True,False,True
camp-b/m2/week02c.html,AI caller/helper,https://cec-robo.cecenglishcamp.workers.dev/api/ai/chat/completions,"1132,1135",True,False,True
camp-b/m2/week03a.html,AI caller/helper,https://cec-robo.cecenglishcamp.workers.dev/api/ai/chat/completions,"1104,1107",True,False,True
camp-b/m2/week03b.html,AI caller/helper,https://cec-robo.cecenglishcamp.workers.dev/api/ai/chat/completions,"1104,1107",True,False,True
camp-b/m2/week03c.html,AI caller/helper,https://cec-robo.cecenglishcamp.workers.dev/api/ai/chat/completions,"1104,1107",True,False,True
camp-b/m2/week04a.html,AI caller/helper,https://cec-robo.cecenglishcamp.workers.dev/api/ai/chat/completions,"1108,1111",True,False,True
camp-b/m2/week04b.html,AI caller/helper,https://cec-robo.cecenglishcamp.workers.dev/api/ai/chat/completions,"1128,1131",True,False,True
camp-b/m2/week04c.html,AI caller/helper,https://cec-robo.cecenglishcamp.workers.dev/api/ai/chat/completions,"1114,1117",True,False,True
camp-b/m2/week05a.html,AI caller/helper,https://cec-robo.cecenglishcamp.workers.dev/api/ai/chat/completions,"1104,1107",True,False,True
camp-b/m2/week05b.html,AI caller/helper,https://cec-robo.cecenglishcamp.workers.dev/api/ai/chat/completions,"1104,1107",True,False,True
camp-b/m2/week05c.html,AI caller/helper,https://cec-robo.cecenglishcamp.workers.dev/api/ai/chat/completions,"1122,1125",True,False,True
camp-b/m2/week06a.html,AI caller/helper,https://cec-robo.cecenglishcamp.workers.dev/api/ai/chat/completions,"1122,1125",True,False,True
camp-b/m2/week06b.html,AI caller/helper,https://cec-robo.cecenglishcamp.workers.dev/api/ai/chat/completions,"1112,1115",True,False,True
camp-b/m2/week06c.html,AI caller/helper,https://cec-robo.cecenglishcamp.workers.dev/api/ai/chat/completions,"1128,1131",True,False,True
camp-b/m2/week07a.html,AI caller/helper,https://cec-robo.cecenglishcamp.workers.dev/api/ai/chat/completions,"1122,1125",True,False,True
camp-b/m2/week07b.html,AI caller/helper,https://cec-robo.cecenglishcamp.workers.dev/api/ai/chat/completions,"1122,1125",True,False,True
camp-b/m2/week07c.html,AI caller/helper,https://cec-robo.cecenglishcamp.workers.dev/api/ai/chat/completions,"1122,1125",True,False,True
camp-b/m2/week08a.html,AI caller/helper,https://cec-robo.cecenglishcamp.workers.dev/api/ai/chat/completions,"1092,1095",True,False,True
camp-b/m2/week08b.html,AI caller/helper,https://cec-robo.cecenglishcamp.workers.dev/api/ai/chat/completions,"1108,1111",True,False,True
camp-b/m2/week08c.html,AI caller/helper,https://cec-robo.cecenglishcamp.workers.dev/api/ai/chat/completions,"1138,1141",True,False,True
camp-b/m2/week09a.html,AI caller/helper,https://cec-robo.cecenglishcamp.workers.dev/api/ai/chat/completions,"1114,1117",True,False,True
camp-b/m2/week09b.html,AI caller/helper,https://cec-robo.cecenglishcamp.workers.dev/api/ai/chat/completions,"1120,1123",True,False,True
camp-b/m2/week09c.html,AI caller/helper,https://cec-robo.cecenglishcamp.workers.dev/api/ai/chat/completions,"1114,1117",True,False,True
camp-b/m2/week10a.html,AI caller/helper,https://cec-robo.cecenglishcamp.workers.dev/api/ai/chat/completions,"1104,1107",True,False,True
camp-b/m2/week10b.html,AI caller/helper,https://cec-robo.cecenglishcamp.workers.dev/api/ai/chat/completions,"1114,1117",True,False,True
camp-b/m2/week10c.html,AI caller/helper,https://cec-robo.cecenglishcamp.workers.dev/api/ai/chat/completions,"1104,1107",True,False,True
camp-b/m2/week11a.html,AI caller/helper,https://cec-robo.cecenglishcamp.workers.dev/api/ai/chat/completions,"1122,1125",True,False,True
camp-b/m2/week11b.html,AI caller/helper,https://cec-robo.cecenglishcamp.workers.dev/api/ai/chat/completions,"1128,1131",True,False,True
camp-b/m2/week11c.html,AI caller/helper,https://cec-robo.cecenglishcamp.workers.dev/api/ai/chat/completions,"1098,1101",True,False,True
camp-b/m2/week12a.html,AI caller/helper,https://cec-robo.cecenglishcamp.workers.dev/api/ai/chat/completions,"1104,1107",True,False,True
camp-b/m2/week12b.html,AI caller/helper,https://cec-robo.cecenglishcamp.workers.dev/api/ai/chat/completions,"1104,1107",True,False,True
camp-b/m2/week12c.html,AI caller/helper,https://cec-robo.cecenglishcamp.workers.dev/api/ai/chat/completions,"1114,1117",True,False,True
camp-b/m2/week13a.html,AI caller/helper,https://cec-robo.cecenglishcamp.workers.dev/api/ai/chat/completions,"1104,1107",True,False,True
camp-b/m2/week13b.html,AI caller/helper,https://cec-robo.cecenglishcamp.workers.dev/api/ai/chat/completions,"1104,1107",True,False,True
camp-b/m2/week13c.html,AI caller/helper,https://cec-robo.cecenglishcamp.workers.dev/api/ai/chat/completions,"1104,1107",True,False,True
camp-b/m2/week14a.html,AI caller/helper,https://cec-robo.cecenglishcamp.workers.dev/api/ai/chat/completions,"1110,1113",True,False,True
camp-b/m2/week14b.html,AI caller/helper,https://cec-robo.cecenglishcamp.workers.dev/api/ai/chat/completions,"1104,1107",True,False,True
camp-b/m2/week14c.html,AI caller/helper,https://cec-robo.cecenglishcamp.workers.dev/api/ai/chat/completions,"1104,1107",True,False,True
camp-b/m2/week15a.html,AI caller/helper,https://cec-robo.cecenglishcamp.workers.dev/api/ai/chat/completions,"1114,1117",True,False,True
camp-b/m2/week15b.html,AI caller/helper,https://cec-robo.cecenglishcamp.workers.dev/api/ai/chat/completions,"1114,1117",True,False,True
camp-b/m2/week15c.html,AI caller/helper,https://cec-robo.cecenglishcamp.workers.dev/api/ai/chat/completions,"1114,1117",True,False,True
camp-b/m2/week16a.html,AI caller/helper,https://cec-robo.cecenglishcamp.workers.dev/api/ai/chat/completions,"1110,1113",True,False,True
camp-b/m2/week16b.html,AI caller/helper,https://cec-robo.cecenglishcamp.workers.dev/api/ai/chat/completions,"1110,1113",True,False,True
camp-b/m2/week16c.html,AI caller/helper,https://cec-robo.cecenglishcamp.workers.dev/api/ai/chat/completions,"1104,1107",True,False,True
camp-b/m2/week17a.html,AI caller/helper,https://cec-robo.cecenglishcamp.workers.dev/api/ai/chat/completions,"1118,1121",True,False,True
camp-b/m2/week17b.html,AI caller/helper,https://cec-robo.cecenglishcamp.workers.dev/api/ai/chat/completions,"1122,1125",True,False,True
camp-b/m2/week17c.html,AI caller/helper,https://cec-robo.cecenglishcamp.workers.dev/api/ai/chat/completions,"1112,1115",True,False,True
camp-b/m2/week18a.html,AI caller/helper,https://cec-robo.cecenglishcamp.workers.dev/api/ai/chat/completions,"1104,1107",True,False,True
camp-b/m2/week18b.html,AI caller/helper,https://cec-robo.cecenglishcamp.workers.dev/api/ai/chat/completions,"1104,1107",True,False,True
camp-b/m2/week18c.html,AI caller/helper,https://cec-robo.cecenglishcamp.workers.dev/api/ai/chat/completions,"1104,1107",True,False,True
camp-b/m2/week19a.html,AI caller/helper,https://cec-robo.cecenglishcamp.workers.dev/api/ai/chat/completions,"1104,1107",True,False,True
camp-b/m2/week19b.html,AI caller/helper,https://cec-robo.cecenglishcamp.workers.dev/api/ai/chat/completions,"1122,1125",True,False,True
camp-b/m2/week19c.html,AI caller/helper,https://cec-robo.cecenglishcamp.workers.dev/api/ai/chat/completions,"1098,1101",True,False,True
camp-b/m2/week20a.html,AI caller/helper,https://cec-robo.cecenglishcamp.workers.dev/api/ai/chat/completions,"1104,1107",True,False,True
camp-b/m2/week20b.html,AI caller/helper,https://cec-robo.cecenglishcamp.workers.dev/api/ai/chat/completions,"1122,1125",True,False,True
camp-b/m2/week20c.html,AI caller/helper,https://cec-robo.cecenglishcamp.workers.dev/api/ai/chat/completions,"1104,1107",True,False,True
camp-b/m2/week21a.html,AI caller/helper,https://cec-robo.cecenglishcamp.workers.dev/api/ai/chat/completions,"1114,1117",True,False,True
camp-b/m2/week21b.html,AI caller/helper,https://cec-robo.cecenglishcamp.workers.dev/api/ai/chat/completions,"1092,1095",True,False,True
camp-b/m2/week21c.html,AI caller/helper,https://cec-robo.cecenglishcamp.workers.dev/api/ai/chat/completions,"1092,1095",True,False,True
camp-b/m2/week22a.html,AI caller/helper,https://cec-robo.cecenglishcamp.workers.dev/api/ai/chat/completions,"1120,1123",True,False,True
camp-b/m2/week22b.html,AI caller/helper,https://cec-robo.cecenglishcamp.workers.dev/api/ai/chat/completions,"1114,1117",True,False,True
camp-b/m2/week22c.html,AI caller/helper,https://cec-robo.cecenglishcamp.workers.dev/api/ai/chat/completions,"1104,1107",True,False,True
camp-b/m2/week23a.html,AI caller/helper,https://cec-robo.cecenglishcamp.workers.dev/api/ai/chat/completions,"1114,1117",True,False,True
camp-b/m2/week23b.html,AI caller/helper,https://cec-robo.cecenglishcamp.workers.dev/api/ai/chat/completions,"1122,1125",True,False,True
camp-b/m2/week23c.html,AI caller/helper,https://cec-robo.cecenglishcamp.workers.dev/api/ai/chat/completions,"1128,1131",True,False,True
camp-b/m2/week24a.html,AI caller/helper,https://cec-robo.cecenglishcamp.workers.dev/api/ai/chat/completions,"1132,1135",True,False,True
camp-b/m2/week24b.html,AI caller/helper,https://cec-robo.cecenglishcamp.workers.dev/api/ai/chat/completions,"1114,1117",True,False,True
camp-b/m2/week24c.html,AI caller/helper,https://cec-robo.cecenglishcamp.workers.dev/api/ai/chat/completions,"1098,1101",True,False,True
camp-b/m2/week25a.html,AI caller/helper,https://cec-robo.cecenglishcamp.workers.dev/api/ai/chat/completions,"1132,1135",True,False,True
camp-b/m2/week25b.html,AI caller/helper,https://cec-robo.cecenglishcamp.workers.dev/api/ai/chat/completions,"1104,1107",True,False,True
camp-b/m2/week25c.html,AI caller/helper,https://cec-robo.cecenglishcamp.workers.dev/api/ai/chat/completions,"1104,1107",True,False,True
camp-b/m2/week26a.html,AI caller/helper,https://cec-robo.cecenglishcamp.workers.dev/api/ai/chat/completions,"1114,1117",True,False,True
camp-b/m2/week26b.html,AI caller/helper,https://cec-robo.cecenglishcamp.workers.dev/api/ai/chat/completions,"1114,1117",True,False,True
camp-b/m2/week26c.html,AI caller/helper,https://cec-robo.cecenglishcamp.workers.dev/api/ai/chat/completions,"1116,1119",True,False,True
camp-b/m2/week27a.html,AI caller/helper,https://cec-robo.cecenglishcamp.workers.dev/api/ai/chat/completions,"1122,1125",True,False,True
camp-b/m2/week27b.html,AI caller/helper,https://cec-robo.cecenglishcamp.workers.dev/api/ai/chat/completions,"1104,1107",True,False,True
camp-b/m2/week27c.html,AI caller/helper,https://cec-robo.cecenglishcamp.workers.dev/api/ai/chat/completions,"1108,1111",True,False,True
camp-b/m2/week28a.html,AI caller/helper,https://cec-robo.cecenglishcamp.workers.dev/api/ai/chat/completions,"1104,1107",True,False,True
camp-b/m2/week28b.html,AI caller/helper,https://cec-robo.cecenglishcamp.workers.dev/api/ai/chat/completions,"1098,1101",True,False,True
camp-b/m2/week28c.html,AI caller/helper,https://cec-robo.cecenglishcamp.workers.dev/api/ai/chat/completions,"1110,1113",True,False,True
camp-b/m2/week29a.html,AI caller/helper,https://cec-robo.cecenglishcamp.workers.dev/api/ai/chat/completions,"1114,1117",True,False,True
camp-b/m2/week29b.html,AI caller/helper,https://cec-robo.cecenglishcamp.workers.dev/api/ai/chat/completions,"1114,1117",True,False,True
camp-b/m2/week29c.html,AI caller/helper,https://cec-robo.cecenglishcamp.workers.dev/api/ai/chat/completions,"1115,1118",True,False,True
camp-b/m2/week30a.html,AI caller/helper,https://cec-robo.cecenglishcamp.workers.dev/api/ai/chat/completions,"1104,1107",True,False,True
camp-b/m2/week30b.html,AI caller/helper,https://cec-robo.cecenglishcamp.workers.dev/api/ai/chat/completions,"1114,1117",True,False,True
camp-b/m2/week30c.html,AI caller/helper,https://cec-robo.cecenglishcamp.workers.dev/api/ai/chat/completions,"1120,1123",True,False,True
camp-b/m2/week31a.html,AI caller/helper,https://cec-robo.cecenglishcamp.workers.dev/api/ai/chat/completions,"1122,1125",True,False,True
camp-b/m2/week31b.html,AI caller/helper,https://cec-robo.cecenglishcamp.workers.dev/api/ai/chat/completions,"1104,1107",True,False,True
camp-b/m2/week31c.html,AI caller/helper,https://cec-robo.cecenglishcamp.workers.dev/api/ai/chat/completions,"1114,1117",True,False,True
camp-b/m2/week32a.html,AI caller/helper,https://cec-robo.cecenglishcamp.workers.dev/api/ai/chat/completions,"1096,1099",True,False,True
camp-b/m2/week32b.html,AI caller/helper,https://cec-robo.cecenglishcamp.workers.dev/api/ai/chat/completions,"1104,1107",True,False,True
camp-b/m2/week32c.html,AI caller/helper,https://cec-robo.cecenglishcamp.workers.dev/api/ai/chat/completions,"1090,1093",True,False,True
camp-b/m2/week33a.html,AI caller/helper,https://cec-robo.cecenglishcamp.workers.dev/api/ai/chat/completions,"1104,1107",True,False,True
camp-b/m2/week33b.html,AI caller/helper,https://cec-robo.cecenglishcamp.workers.dev/api/ai/chat/completions,"1108,1111",True,False,True
camp-b/m2/week33c.html,AI caller/helper,https://cec-robo.cecenglishcamp.workers.dev/api/ai/chat/completions,"1104,1107",True,False,True
camp-b/m2/week34a.html,AI caller/helper,https://cec-robo.cecenglishcamp.workers.dev/api/ai/chat/completions,"1114,1117",True,False,True
camp-b/m2/week34b.html,AI caller/helper,https://cec-robo.cecenglishcamp.workers.dev/api/ai/chat/completions,"1114,1117",True,False,True
camp-b/m2/week34c.html,AI caller/helper,https://cec-robo.cecenglishcamp.workers.dev/api/ai/chat/completions,"1114,1117",True,False,True
camp-b/m2/week35a.html,AI caller/helper,https://cec-robo.cecenglishcamp.workers.dev/api/ai/chat/completions,"1098,1101",True,False,True
camp-b/m2/week35b.html,AI caller/helper,https://cec-robo.cecenglishcamp.workers.dev/api/ai/chat/completions,"1122,1125",True,False,True
camp-b/m2/week35c.html,AI caller/helper,https://cec-robo.cecenglishcamp.workers.dev/api/ai/chat/completions,"1104,1107",True,False,True
camp-b/m2/week36a.html,AI caller/helper,https://cec-robo.cecenglishcamp.workers.dev/api/ai/chat/completions,"1128,1131",True,False,True
camp-b/m2/week36b.html,AI caller/helper,https://cec-robo.cecenglishcamp.workers.dev/api/ai/chat/completions,"1120,1123",True,False,True
camp-b/m2/week36c.html,AI caller/helper,https://cec-robo.cecenglishcamp.workers.dev/api/ai/chat/completions,"1118,1121",True,False,True
camp-b/m3/week01a.html,AI caller/helper,https://cec-robo.cecenglishcamp.workers.dev/api/ai/chat/completions,"1104,1107",True,False,True
camp-b/m3/week01b.html,AI caller/helper,https://cec-robo.cecenglishcamp.workers.dev/api/ai/chat/completions,"1104,1107",True,False,True
camp-b/m3/week01c.html,AI caller/helper,https://cec-robo.cecenglishcamp.workers.dev/api/ai/chat/completions,"1104,1107",True,False,True
camp-b/m3/week02a.html,AI caller/helper,https://cec-robo.cecenglishcamp.workers.dev/api/ai/chat/completions,"1092,1095",True,False,True
camp-b/m3/week02b.html,AI caller/helper,https://cec-robo.cecenglishcamp.workers.dev/api/ai/chat/completions,"1104,1107",True,False,True
camp-b/m3/week02c.html,AI caller/helper,https://cec-robo.cecenglishcamp.workers.dev/api/ai/chat/completions,"1104,1107",True,False,True
camp-b/m3/week03a.html,AI caller/helper,https://cec-robo.cecenglishcamp.workers.dev/api/ai/chat/completions,"1098,1101",True,False,True
camp-b/m3/week03b.html,AI caller/helper,https://cec-robo.cecenglishcamp.workers.dev/api/ai/chat/completions,"1084,1087",True,False,True
camp-b/m3/week03c.html,AI caller/helper,https://cec-robo.cecenglishcamp.workers.dev/api/ai/chat/completions,"1084,1087",True,False,True
camp-b/m3/week04a.html,AI caller/helper,https://cec-robo.cecenglishcamp.workers.dev/api/ai/chat/completions,"1104,1107",True,False,True
camp-b/m3/week04b.html,AI caller/helper,https://cec-robo.cecenglishcamp.workers.dev/api/ai/chat/completions,"1084,1087",True,False,True
camp-b/m3/week04c.html,AI caller/helper,https://cec-robo.cecenglishcamp.workers.dev/api/ai/chat/completions,"1084,1087",True,False,True
camp-b/m3/week05a.html,AI caller/helper,https://cec-robo.cecenglishcamp.workers.dev/api/ai/chat/completions,"1098,1101",True,False,True
camp-b/m3/week05b.html,AI caller/helper,https://cec-robo.cecenglishcamp.workers.dev/api/ai/chat/completions,"1114,1117",True,False,True
camp-b/m3/week05c.html,AI caller/helper,https://cec-robo.cecenglishcamp.workers.dev/api/ai/chat/completions,"1104,1107",True,False,True
camp-b/m3/week06a.html,AI caller/helper,https://cec-robo.cecenglishcamp.workers.dev/api/ai/chat/completions,"1114,1117",True,False,True
camp-b/m3/week06b.html,AI caller/helper,https://cec-robo.cecenglishcamp.workers.dev/api/ai/chat/completions,"1104,1107",True,False,True
camp-b/m3/week06c.html,AI caller/helper,https://cec-robo.cecenglishcamp.workers.dev/api/ai/chat/completions,"1104,1107",True,False,True
camp-b/m3/week07a.html,AI caller/helper,https://cec-robo.cecenglishcamp.workers.dev/api/ai/chat/completions,"1084,1087",True,False,True
camp-b/m3/week07b.html,AI caller/helper,https://cec-robo.cecenglishcamp.workers.dev/api/ai/chat/completions,"1084,1087",True,False,True
camp-b/m3/week07c.html,AI caller/helper,https://cec-robo.cecenglishcamp.workers.dev/api/ai/chat/completions,"1092,1095",True,False,True
camp-b/m3/week08a.html,AI caller/helper,https://cec-robo.cecenglishcamp.workers.dev/api/ai/chat/completions,"1098,1101",True,False,True
camp-b/m3/week08b.html,AI caller/helper,https://cec-robo.cecenglishcamp.workers.dev/api/ai/chat/completions,"1084,1087",True,False,True
camp-b/m3/week08c.html,AI caller/helper,https://cec-robo.cecenglishcamp.workers.dev/api/ai/chat/completions,"1084,1087",True,False,True
camp-b/m3/week09a.html,AI caller/helper,https://cec-robo.cecenglishcamp.workers.dev/api/ai/chat/completions,"1114,1117",True,False,True
camp-b/m3/week09b.html,AI caller/helper,https://cec-robo.cecenglishcamp.workers.dev/api/ai/chat/completions,"1098,1101",True,False,True
camp-b/m3/week09c.html,AI caller/helper,https://cec-robo.cecenglishcamp.workers.dev/api/ai/chat/completions,"1084,1087",True,False,True
camp-b/m3/week10a.html,AI caller/helper,https://cec-robo.cecenglishcamp.workers.dev/api/ai/chat/completions,"1084,1087",True,False,True
camp-b/m3/week10b.html,AI caller/helper,https://cec-robo.cecenglishcamp.workers.dev/api/ai/chat/completions,"1114,1117",True,False,True
camp-b/m3/week10c.html,AI caller/helper,https://cec-robo.cecenglishcamp.workers.dev/api/ai/chat/completions,"1084,1087",True,False,True
camp-b/m3/week11a.html,AI caller/helper,https://cec-robo.cecenglishcamp.workers.dev/api/ai/chat/completions,"1092,1095",True,False,True
camp-b/m3/week11b.html,AI caller/helper,https://cec-robo.cecenglishcamp.workers.dev/api/ai/chat/completions,"1084,1087",True,False,True
camp-b/m3/week11c.html,AI caller/helper,https://cec-robo.cecenglishcamp.workers.dev/api/ai/chat/completions,"1084,1087",True,False,True
camp-b/m3/week12a.html,AI caller/helper,https://cec-robo.cecenglishcamp.workers.dev/api/ai/chat/completions,"1104,1107",True,False,True
camp-b/m3/week12b.html,AI caller/helper,https://cec-robo.cecenglishcamp.workers.dev/api/ai/chat/completions,"1104,1107",True,False,True
camp-b/m3/week12c.html,AI caller/helper,https://cec-robo.cecenglishcamp.workers.dev/api/ai/chat/completions,"1096,1099",True,False,True
camp-b/m3/week13a.html,AI caller/helper,https://cec-robo.cecenglishcamp.workers.dev/api/ai/chat/completions,"1084,1087",True,False,True
camp-b/m3/week13b.html,AI caller/helper,https://cec-robo.cecenglishcamp.workers.dev/api/ai/chat/completions,"1084,1087",True,False,True
camp-b/m3/week13c.html,AI caller/helper,https://cec-robo.cecenglishcamp.workers.dev/api/ai/chat/completions,"1084,1087",True,False,True
camp-b/m3/week14a.html,AI caller/helper,https://cec-robo.cecenglishcamp.workers.dev/api/ai/chat/completions,"1104,1107",True,False,True
camp-b/m3/week14b.html,AI caller/helper,https://cec-robo.cecenglishcamp.workers.dev/api/ai/chat/completions,"1084,1087",True,False,True
camp-b/m3/week14c.html,AI caller/helper,https://cec-robo.cecenglishcamp.workers.dev/api/ai/chat/completions,"1084,1087",True,False,True
camp-b/m3/week15a.html,AI caller/helper,https://cec-robo.cecenglishcamp.workers.dev/api/ai/chat/completions,"1114,1117",True,False,True
camp-b/m3/week15b.html,AI caller/helper,https://cec-robo.cecenglishcamp.workers.dev/api/ai/chat/completions,"1106,1109",True,False,True
camp-b/m3/week15c.html,AI caller/helper,https://cec-robo.cecenglishcamp.workers.dev/api/ai/chat/completions,"1104,1107",True,False,True
camp-b/m3/week16a.html,AI caller/helper,https://cec-robo.cecenglishcamp.workers.dev/api/ai/chat/completions,"1098,1101",True,False,True
camp-b/m3/week16b.html,AI caller/helper,https://cec-robo.cecenglishcamp.workers.dev/api/ai/chat/completions,"1098,1101",True,False,True
camp-b/m3/week16c.html,AI caller/helper,https://cec-robo.cecenglishcamp.workers.dev/api/ai/chat/completions,"1084,1087",True,False,True
camp-b/m3/week17a.html,AI caller/helper,https://cec-robo.cecenglishcamp.workers.dev/api/ai/chat/completions,"1084,1087",True,False,True
camp-b/m3/week17b.html,AI caller/helper,https://cec-robo.cecenglishcamp.workers.dev/api/ai/chat/completions,"1114,1117",True,False,True
camp-b/m3/week17c.html,AI caller/helper,https://cec-robo.cecenglishcamp.workers.dev/api/ai/chat/completions,"1092,1095",True,False,True
camp-b/m3/week18a.html,AI caller/helper,https://cec-robo.cecenglishcamp.workers.dev/api/ai/chat/completions,"1084,1087",True,False,True
camp-b/m3/week18b.html,AI caller/helper,https://cec-robo.cecenglishcamp.workers.dev/api/ai/chat/completions,"1104,1107",True,False,True
camp-b/m3/week18c.html,AI caller/helper,https://cec-robo.cecenglishcamp.workers.dev/api/ai/chat/completions,"1104,1107",True,False,True
camp-b/m3/week19a.html,AI caller/helper,https://cec-robo.cecenglishcamp.workers.dev/api/ai/chat/completions,"1114,1117",True,False,True
camp-b/m3/week19b.html,AI caller/helper,https://cec-robo.cecenglishcamp.workers.dev/api/ai/chat/completions,"1084,1087",True,False,True
camp-b/m3/week19c.html,AI caller/helper,https://cec-robo.cecenglishcamp.workers.dev/api/ai/chat/completions,"1084,1087",True,False,True
camp-b/m3/week20a.html,AI caller/helper,https://cec-robo.cecenglishcamp.workers.dev/api/ai/chat/completions,"1086,1089",True,False,True
camp-b/m3/week20b.html,AI caller/helper,https://cec-robo.cecenglishcamp.workers.dev/api/ai/chat/completions,"1084,1087",True,False,True
camp-b/m3/week20c.html,AI caller/helper,https://cec-robo.cecenglishcamp.workers.dev/api/ai/chat/completions,"1084,1087",True,False,True
camp-b/m3/week21a.html,AI caller/helper,https://cec-robo.cecenglishcamp.workers.dev/api/ai/chat/completions,"1084,1087",True,False,True
camp-b/m3/week21b.html,AI caller/helper,https://cec-robo.cecenglishcamp.workers.dev/api/ai/chat/completions,"1104,1107",True,False,True
camp-b/m3/week21c.html,AI caller/helper,https://cec-robo.cecenglishcamp.workers.dev/api/ai/chat/completions,"1084,1087",True,False,True
camp-b/m3/week22a.html,AI caller/helper,https://cec-robo.cecenglishcamp.workers.dev/api/ai/chat/completions,"1092,1095",True,False,True
camp-b/m3/week22b.html,AI caller/helper,https://cec-robo.cecenglishcamp.workers.dev/api/ai/chat/completions,"1104,1107",True,False,True
camp-b/m3/week22c.html,AI caller/helper,https://cec-robo.cecenglishcamp.workers.dev/api/ai/chat/completions,"1108,1111",True,False,True
camp-b/m3/week23a.html,AI caller/helper,https://cec-robo.cecenglishcamp.workers.dev/api/ai/chat/completions,"1104,1107",True,False,True
camp-b/m3/week23b.html,AI caller/helper,https://cec-robo.cecenglishcamp.workers.dev/api/ai/chat/completions,"1104,1107",True,False,True
camp-b/m3/week23c.html,AI caller/helper,https://cec-robo.cecenglishcamp.workers.dev/api/ai/chat/completions,"1092,1095",True,False,True
camp-b/m3/week24a.html,AI caller/helper,https://cec-robo.cecenglishcamp.workers.dev/api/ai/chat/completions,"1122,1125",True,False,True
camp-b/m3/week24b.html,AI caller/helper,https://cec-robo.cecenglishcamp.workers.dev/api/ai/chat/completions,"1116,1119",True,False,True
camp-b/m3/week24c.html,AI caller/helper,https://cec-robo.cecenglishcamp.workers.dev/api/ai/chat/completions,"1114,1117",True,False,True
camp-b/m3/week25a.html,AI caller/helper,https://cec-robo.cecenglishcamp.workers.dev/api/ai/chat/completions,"1084,1087",True,False,True
camp-b/m3/week25b.html,AI caller/helper,https://cec-robo.cecenglishcamp.workers.dev/api/ai/chat/completions,"1084,1087",True,False,True
camp-b/m3/week25c.html,AI caller/helper,https://cec-robo.cecenglishcamp.workers.dev/api/ai/chat/completions,"1084,1087",True,False,True
camp-b/m3/week26a.html,AI caller/helper,https://cec-robo.cecenglishcamp.workers.dev/api/ai/chat/completions,"1098,1101",True,False,True
camp-b/m3/week26b.html,AI caller/helper,https://cec-robo.cecenglishcamp.workers.dev/api/ai/chat/completions,"1084,1087",True,False,True
camp-b/m3/week26c.html,AI caller/helper,https://cec-robo.cecenglishcamp.workers.dev/api/ai/chat/completions,"1096,1099",True,False,True
camp-b/m3/week27a.html,AI caller/helper,https://cec-robo.cecenglishcamp.workers.dev/api/ai/chat/completions,"1104,1107",True,False,True
camp-b/m3/week27b.html,AI caller/helper,https://cec-robo.cecenglishcamp.workers.dev/api/ai/chat/completions,"1098,1101",True,False,True
camp-b/m3/week27c.html,AI caller/helper,https://cec-robo.cecenglishcamp.workers.dev/api/ai/chat/completions,"1114,1117",True,False,True
camp-b/m3/week28a.html,AI caller/helper,https://cec-robo.cecenglishcamp.workers.dev/api/ai/chat/completions,"1114,1117",True,False,True
camp-b/m3/week28b.html,AI caller/helper,https://cec-robo.cecenglishcamp.workers.dev/api/ai/chat/completions,"1114,1117",True,False,True
camp-b/m3/week28c.html,AI caller/helper,https://cec-robo.cecenglishcamp.workers.dev/api/ai/chat/completions,"1104,1107",True,False,True
camp-b/m3/week29a.html,AI caller/helper,https://cec-robo.cecenglishcamp.workers.dev/api/ai/chat/completions,"1114,1117",True,False,True
camp-b/m3/week29b.html,AI caller/helper,https://cec-robo.cecenglishcamp.workers.dev/api/ai/chat/completions,"1104,1107",True,False,True
camp-b/m3/week29c.html,AI caller/helper,https://cec-robo.cecenglishcamp.workers.dev/api/ai/chat/completions,"1104,1107",True,False,True
camp-b/m3/week30a.html,AI caller/helper,https://cec-robo.cecenglishcamp.workers.dev/api/ai/chat/completions,"1084,1087",True,False,True
camp-b/m3/week30b.html,AI caller/helper,https://cec-robo.cecenglishcamp.workers.dev/api/ai/chat/completions,"1084,1087",True,False,True
camp-b/m3/week30c.html,AI caller/helper,https://cec-robo.cecenglishcamp.workers.dev/api/ai/chat/completions,"1104,1107",True,False,True
camp-b/m3/week31a.html,AI caller/helper,https://cec-robo.cecenglishcamp.workers.dev/api/ai/chat/completions,"1084,1087",True,False,True
camp-b/m3/week31b.html,AI caller/helper,https://cec-robo.cecenglishcamp.workers.dev/api/ai/chat/completions,"1114,1117",True,False,True
camp-b/m3/week31c.html,AI caller/helper,https://cec-robo.cecenglishcamp.workers.dev/api/ai/chat/completions,"1084,1087",True,False,True
camp-b/m3/week32a.html,AI caller/helper,https://cec-robo.cecenglishcamp.workers.dev/api/ai/chat/completions,"1084,1087",True,False,True
camp-b/m3/week32b.html,AI caller/helper,https://cec-robo.cecenglishcamp.workers.dev/api/ai/chat/completions,"1098,1101",True,False,True
camp-b/m3/week32c.html,AI caller/helper,https://cec-robo.cecenglishcamp.workers.dev/api/ai/chat/completions,"1104,1107",True,False,True
camp-b/m3/week33a.html,AI caller/helper,https://cec-robo.cecenglishcamp.workers.dev/api/ai/chat/completions,"1084,1087",True,False,True
camp-b/m3/week33b.html,AI caller/helper,https://cec-robo.cecenglishcamp.workers.dev/api/ai/chat/completions,"1084,1087",True,False,True
camp-b/m3/week33c.html,AI caller/helper,https://cec-robo.cecenglishcamp.workers.dev/api/ai/chat/completions,"1104,1107",True,False,True
camp-b/m3/week34a.html,AI caller/helper,https://cec-robo.cecenglishcamp.workers.dev/api/ai/chat/completions,"1084,1087",True,False,True
camp-b/m3/week34b.html,AI caller/helper,https://cec-robo.cecenglishcamp.workers.dev/api/ai/chat/completions,"1104,1107",True,False,True
camp-b/m3/week34c.html,AI caller/helper,https://cec-robo.cecenglishcamp.workers.dev/api/ai/chat/completions,"1114,1117",True,False,True
camp-b/m3/week35a.html,AI caller/helper,https://cec-robo.cecenglishcamp.workers.dev/api/ai/chat/completions,"1084,1087",True,False,True
camp-b/m3/week35b.html,AI caller/helper,https://cec-robo.cecenglishcamp.workers.dev/api/ai/chat/completions,"1104,1107",True,False,True
camp-b/m3/week35c.html,AI caller/helper,https://cec-robo.cecenglishcamp.workers.dev/api/ai/chat/completions,"1084,1087",True,False,True
camp-b/m3/week36a.html,AI caller/helper,https://cec-robo.cecenglishcamp.workers.dev/api/ai/chat/completions,"1092,1095",True,False,True
camp-b/m3/week36b.html,AI caller/helper,https://cec-robo.cecenglishcamp.workers.dev/api/ai/chat/completions,"1084,1087",True,False,True
camp-b/m3/week36c.html,AI caller/helper,https://cec-robo.cecenglishcamp.workers.dev/api/ai/chat/completions,"1084,1087",True,False,True
camp-c/ep01.html,AI caller/helper,https://cec-robo.cecenglishcamp.workers.dev/api/ai/chat/completions,"607,610",True,False,True
camp-c/ep02.html,AI caller/helper,https://cec-robo.cecenglishcamp.workers.dev/api/ai/chat/completions,"343,346",True,False,True
camp-c/ep03.html,AI caller/helper,https://cec-robo.cecenglishcamp.workers.dev/api/ai/chat/completions,"341,344",True,False,True
camp-c/ep04.html,AI caller/helper,https://cec-robo.cecenglishcamp.workers.dev/api/ai/chat/completions,"343,346",True,False,True
camp-c/ep05.html,AI caller/helper,https://cec-robo.cecenglishcamp.workers.dev/api/ai/chat/completions,"341,344",True,False,True
camp-c/ep06.html,AI caller/helper,https://cec-robo.cecenglishcamp.workers.dev/api/ai/chat/completions,"341,344",True,False,True
camp-c/ep07.html,AI caller/helper,https://cec-robo.cecenglishcamp.workers.dev/api/ai/chat/completions,"606,609",True,False,True
camp-c/ep08.html,AI caller/helper,https://cec-robo.cecenglishcamp.workers.dev/api/ai/chat/completions,"606,609",True,False,True
camp-c/ep09.html,AI caller/helper,https://cec-robo.cecenglishcamp.workers.dev/api/ai/chat/completions,"606,609",True,False,True
camp-c/ep10.html,AI caller/helper,https://cec-robo.cecenglishcamp.workers.dev/api/ai/chat/completions,"606,609",True,False,True
camp-c/ep100.html,AI caller/helper,https://cec-robo.cecenglishcamp.workers.dev/api/ai/chat/completions,"622,625",True,False,True
camp-c/ep11.html,AI caller/helper,https://cec-robo.cecenglishcamp.workers.dev/api/ai/chat/completions,"606,609",True,False,True
camp-c/ep12.html,AI caller/helper,https://cec-robo.cecenglishcamp.workers.dev/api/ai/chat/completions,"606,609",True,False,True
camp-c/ep13.html,AI caller/helper,https://cec-robo.cecenglishcamp.workers.dev/api/ai/chat/completions,"606,609",True,False,True
camp-c/ep14.html,AI caller/helper,https://cec-robo.cecenglishcamp.workers.dev/api/ai/chat/completions,"606,609",True,False,True
camp-c/ep15.html,AI caller/helper,https://cec-robo.cecenglishcamp.workers.dev/api/ai/chat/completions,"606,609",True,False,True
camp-c/ep16.html,AI caller/helper,https://cec-robo.cecenglishcamp.workers.dev/api/ai/chat/completions,"606,609",True,False,True
camp-c/ep17.html,AI caller/helper,https://cec-robo.cecenglishcamp.workers.dev/api/ai/chat/completions,"606,609",True,False,True
camp-c/ep18.html,AI caller/helper,https://cec-robo.cecenglishcamp.workers.dev/api/ai/chat/completions,"606,609",True,False,True
camp-c/ep19.html,AI caller/helper,https://cec-robo.cecenglishcamp.workers.dev/api/ai/chat/completions,"606,609",True,False,True
camp-c/ep20.html,AI caller/helper,https://cec-robo.cecenglishcamp.workers.dev/api/ai/chat/completions,"606,609",True,False,True
camp-c/ep21.html,AI caller/helper,https://cec-robo.cecenglishcamp.workers.dev/api/ai/chat/completions,"606,609",True,False,True
camp-c/ep22.html,AI caller/helper,https://cec-robo.cecenglishcamp.workers.dev/api/ai/chat/completions,"606,609",True,False,True
camp-c/ep23.html,AI caller/helper,https://cec-robo.cecenglishcamp.workers.dev/api/ai/chat/completions,"606,609",True,False,True
camp-c/ep24.html,AI caller/helper,https://cec-robo.cecenglishcamp.workers.dev/api/ai/chat/completions,"606,609",True,False,True
camp-c/ep25.html,AI caller/helper,https://cec-robo.cecenglishcamp.workers.dev/api/ai/chat/completions,"606,609",True,False,True
camp-c/ep26.html,AI caller/helper,https://cec-robo.cecenglishcamp.workers.dev/api/ai/chat/completions,"606,609",True,False,True
camp-c/ep27.html,AI caller/helper,https://cec-robo.cecenglishcamp.workers.dev/api/ai/chat/completions,"606,609",True,False,True
camp-c/ep28.html,AI caller/helper,https://cec-robo.cecenglishcamp.workers.dev/api/ai/chat/completions,"606,609",True,False,True
camp-c/ep29.html,AI caller/helper,https://cec-robo.cecenglishcamp.workers.dev/api/ai/chat/completions,"606,609",True,False,True
camp-c/ep30.html,AI caller/helper,https://cec-robo.cecenglishcamp.workers.dev/api/ai/chat/completions,"606,609",True,False,True
camp-c/ep31.html,AI caller/helper,https://cec-robo.cecenglishcamp.workers.dev/api/ai/chat/completions,"620,623",True,False,True
camp-c/ep32.html,AI caller/helper,https://cec-robo.cecenglishcamp.workers.dev/api/ai/chat/completions,"620,623",True,False,True
camp-c/ep33.html,AI caller/helper,https://cec-robo.cecenglishcamp.workers.dev/api/ai/chat/completions,"620,623",True,False,True
camp-c/ep34.html,AI caller/helper,https://cec-robo.cecenglishcamp.workers.dev/api/ai/chat/completions,"620,623",True,False,True
camp-c/ep35.html,AI caller/helper,https://cec-robo.cecenglishcamp.workers.dev/api/ai/chat/completions,"620,623",True,False,True
camp-c/ep36.html,AI caller/helper,https://cec-robo.cecenglishcamp.workers.dev/api/ai/chat/completions,"620,623",True,False,True
camp-c/ep37.html,AI caller/helper,https://cec-robo.cecenglishcamp.workers.dev/api/ai/chat/completions,"620,623",True,False,True
camp-c/ep38.html,AI caller/helper,https://cec-robo.cecenglishcamp.workers.dev/api/ai/chat/completions,"620,623",True,False,True
camp-c/ep39.html,AI caller/helper,https://cec-robo.cecenglishcamp.workers.dev/api/ai/chat/completions,"620,623",True,False,True
camp-c/ep40.html,AI caller/helper,https://cec-robo.cecenglishcamp.workers.dev/api/ai/chat/completions,"620,623",True,False,True
camp-c/ep41.html,AI caller/helper,https://cec-robo.cecenglishcamp.workers.dev/api/ai/chat/completions,"620,623",True,False,True
camp-c/ep42.html,AI caller/helper,https://cec-robo.cecenglishcamp.workers.dev/api/ai/chat/completions,"620,623",True,False,True
camp-c/ep43.html,AI caller/helper,https://cec-robo.cecenglishcamp.workers.dev/api/ai/chat/completions,"620,623",True,False,True
camp-c/ep44.html,AI caller/helper,https://cec-robo.cecenglishcamp.workers.dev/api/ai/chat/completions,"620,623",True,False,True
camp-c/ep45.html,AI caller/helper,https://cec-robo.cecenglishcamp.workers.dev/api/ai/chat/completions,"620,623",True,False,True
camp-c/ep46.html,AI caller/helper,https://cec-robo.cecenglishcamp.workers.dev/api/ai/chat/completions,"620,623",True,False,True
camp-c/ep47.html,AI caller/helper,https://cec-robo.cecenglishcamp.workers.dev/api/ai/chat/completions,"620,623",True,False,True
camp-c/ep48.html,AI caller/helper,https://cec-robo.cecenglishcamp.workers.dev/api/ai/chat/completions,"620,623",True,False,True
camp-c/ep49.html,AI caller/helper,https://cec-robo.cecenglishcamp.workers.dev/api/ai/chat/completions,"620,623",True,False,True
camp-c/ep50.html,AI caller/helper,https://cec-robo.cecenglishcamp.workers.dev/api/ai/chat/completions,"620,623",True,False,True
camp-c/ep51.html,AI caller/helper,https://cec-robo.cecenglishcamp.workers.dev/api/ai/chat/completions,"620,623",True,False,True
camp-c/ep52.html,AI caller/helper,https://cec-robo.cecenglishcamp.workers.dev/api/ai/chat/completions,"620,623",True,False,True
camp-c/ep53.html,AI caller/helper,https://cec-robo.cecenglishcamp.workers.dev/api/ai/chat/completions,"620,623",True,False,True
camp-c/ep54.html,AI caller/helper,https://cec-robo.cecenglishcamp.workers.dev/api/ai/chat/completions,"620,623",True,False,True
camp-c/ep55.html,AI caller/helper,https://cec-robo.cecenglishcamp.workers.dev/api/ai/chat/completions,"620,623",True,False,True
camp-c/ep56.html,AI caller/helper,https://cec-robo.cecenglishcamp.workers.dev/api/ai/chat/completions,"620,623",True,False,True
camp-c/ep57.html,AI caller/helper,https://cec-robo.cecenglishcamp.workers.dev/api/ai/chat/completions,"622,625",True,False,True
camp-c/ep58.html,AI caller/helper,https://cec-robo.cecenglishcamp.workers.dev/api/ai/chat/completions,"620,623",True,False,True
camp-c/ep59.html,AI caller/helper,https://cec-robo.cecenglishcamp.workers.dev/api/ai/chat/completions,"620,623",True,False,True
camp-c/ep60.html,AI caller/helper,https://cec-robo.cecenglishcamp.workers.dev/api/ai/chat/completions,"620,623",True,False,True
camp-c/ep61.html,AI caller/helper,https://cec-robo.cecenglishcamp.workers.dev/api/ai/chat/completions,"622,625",True,False,True
camp-c/ep62.html,AI caller/helper,https://cec-robo.cecenglishcamp.workers.dev/api/ai/chat/completions,"622,625",True,False,True
camp-c/ep63.html,AI caller/helper,https://cec-robo.cecenglishcamp.workers.dev/api/ai/chat/completions,"622,625",True,False,True
camp-c/ep64.html,AI caller/helper,https://cec-robo.cecenglishcamp.workers.dev/api/ai/chat/completions,"622,625",True,False,True
camp-c/ep65.html,AI caller/helper,https://cec-robo.cecenglishcamp.workers.dev/api/ai/chat/completions,"622,625",True,False,True
camp-c/ep66.html,AI caller/helper,https://cec-robo.cecenglishcamp.workers.dev/api/ai/chat/completions,"622,625",True,False,True
camp-c/ep67.html,AI caller/helper,https://cec-robo.cecenglishcamp.workers.dev/api/ai/chat/completions,"622,625",True,False,True
camp-c/ep68.html,AI caller/helper,https://cec-robo.cecenglishcamp.workers.dev/api/ai/chat/completions,"622,625",True,False,True
camp-c/ep69.html,AI caller/helper,https://cec-robo.cecenglishcamp.workers.dev/api/ai/chat/completions,"622,625",True,False,True
camp-c/ep70.html,AI caller/helper,https://cec-robo.cecenglishcamp.workers.dev/api/ai/chat/completions,"622,625",True,False,True
camp-c/ep71.html,AI caller/helper,https://cec-robo.cecenglishcamp.workers.dev/api/ai/chat/completions,"622,625",True,False,True
camp-c/ep72.html,AI caller/helper,https://cec-robo.cecenglishcamp.workers.dev/api/ai/chat/completions,"622,625",True,False,True
camp-c/ep73.html,AI caller/helper,https://cec-robo.cecenglishcamp.workers.dev/api/ai/chat/completions,"622,625",True,False,True
camp-c/ep74.html,AI caller/helper,https://cec-robo.cecenglishcamp.workers.dev/api/ai/chat/completions,"622,625",True,False,True
camp-c/ep75.html,AI caller/helper,https://cec-robo.cecenglishcamp.workers.dev/api/ai/chat/completions,"622,625",True,False,True
camp-c/ep76.html,AI caller/helper,https://cec-robo.cecenglishcamp.workers.dev/api/ai/chat/completions,"622,625",True,False,True
camp-c/ep77.html,AI caller/helper,https://cec-robo.cecenglishcamp.workers.dev/api/ai/chat/completions,"622,625",True,False,True
camp-c/ep78.html,AI caller/helper,https://cec-robo.cecenglishcamp.workers.dev/api/ai/chat/completions,"622,625",True,False,True
camp-c/ep79.html,AI caller/helper,https://cec-robo.cecenglishcamp.workers.dev/api/ai/chat/completions,"622,625",True,False,True
camp-c/ep80.html,AI caller/helper,https://cec-robo.cecenglishcamp.workers.dev/api/ai/chat/completions,"622,625",True,False,True
camp-c/ep81.html,AI caller/helper,https://cec-robo.cecenglishcamp.workers.dev/api/ai/chat/completions,"622,625",True,False,True
camp-c/ep82.html,AI caller/helper,https://cec-robo.cecenglishcamp.workers.dev/api/ai/chat/completions,"622,625",True,False,True
camp-c/ep83.html,AI caller/helper,https://cec-robo.cecenglishcamp.workers.dev/api/ai/chat/completions,"622,625",True,False,True
camp-c/ep84.html,AI caller/helper,https://cec-robo.cecenglishcamp.workers.dev/api/ai/chat/completions,"622,625",True,False,True
camp-c/ep85.html,AI caller/helper,https://cec-robo.cecenglishcamp.workers.dev/api/ai/chat/completions,"622,625",True,False,True
camp-c/ep86.html,AI caller/helper,https://cec-robo.cecenglishcamp.workers.dev/api/ai/chat/completions,"622,625",True,False,True
camp-c/ep87.html,AI caller/helper,https://cec-robo.cecenglishcamp.workers.dev/api/ai/chat/completions,"622,625",True,False,True
camp-c/ep88.html,AI caller/helper,https://cec-robo.cecenglishcamp.workers.dev/api/ai/chat/completions,"622,625",True,False,True
camp-c/ep89.html,AI caller/helper,https://cec-robo.cecenglishcamp.workers.dev/api/ai/chat/completions,"622,625",True,False,True
camp-c/ep90.html,AI caller/helper,https://cec-robo.cecenglishcamp.workers.dev/api/ai/chat/completions,"622,625",True,False,True
camp-c/ep91.html,AI caller/helper,https://cec-robo.cecenglishcamp.workers.dev/api/ai/chat/completions,"622,625",True,False,True
camp-c/ep92.html,AI caller/helper,https://cec-robo.cecenglishcamp.workers.dev/api/ai/chat/completions,"622,625",True,False,True
camp-c/ep93.html,AI caller/helper,https://cec-robo.cecenglishcamp.workers.dev/api/ai/chat/completions,"622,625",True,False,True
camp-c/ep94.html,AI caller/helper,https://cec-robo.cecenglishcamp.workers.dev/api/ai/chat/completions,"622,625",True,False,True
camp-c/ep95.html,AI caller/helper,https://cec-robo.cecenglishcamp.workers.dev/api/ai/chat/completions,"622,625",True,False,True
camp-c/ep96.html,AI caller/helper,https://cec-robo.cecenglishcamp.workers.dev/api/ai/chat/completions,"622,625",True,False,True
camp-c/ep97.html,AI caller/helper,https://cec-robo.cecenglishcamp.workers.dev/api/ai/chat/completions,"622,625",True,False,True
camp-c/ep98.html,AI caller/helper,https://cec-robo.cecenglishcamp.workers.dev/api/ai/chat/completions,"622,625",True,False,True
camp-c/ep99.html,AI caller/helper,https://cec-robo.cecenglishcamp.workers.dev/api/ai/chat/completions,"622,625",True,False,True
grammar-camp/G01/G01_be_verb_present_tense.html,AI caller/helper,https://cec-robo.cecenglishcamp.workers.dev/api/ai/chat/completions,"682,685",False,False,True
"grammar-camp/G02/G02_articles_a,_an,_the.html",AI caller/helper,https://cec-robo.cecenglishcamp.workers.dev/api/ai/chat/completions,"689,692",False,False,True
grammar-camp/G03/G03_simple_present_tense.html,AI caller/helper,https://cec-robo.cecenglishcamp.workers.dev/api/ai/chat/completions,"707,710",False,False,True
grammar-camp/G04/G04_present_continuous_tense.html,AI caller/helper,https://cec-robo.cecenglishcamp.workers.dev/api/ai/chat/completions,"699,702",False,False,True
grammar-camp/G05/G05_simple_past_tense.html,AI caller/helper,https://cec-robo.cecenglishcamp.workers.dev/api/ai/chat/completions,"680,683",False,False,True
grammar-camp/G06/G06_future_tense_will_going_to.html,AI caller/helper,https://cec-robo.cecenglishcamp.workers.dev/api/ai/chat/completions,"682,685",False,False,True
"grammar-camp/G07/G07_modal_verbs_can,_could,_should.html",AI caller/helper,https://cec-robo.cecenglishcamp.workers.dev/api/ai/chat/completions,"674,677",False,False,True
grammar-camp/G08/G08_countable_vs_uncountable_nouns.html,AI caller/helper,https://cec-robo.cecenglishcamp.workers.dev/api/ai/chat/completions,"678,681",False,False,True
grammar-camp/G09/G09_question_formation_wh-questions.html,AI caller/helper,https://cec-robo.cecenglishcamp.workers.dev/api/ai/chat/completions,"700,703",False,False,True
grammar-camp/G10/G10_comparative_and_superlative.html,AI caller/helper,https://cec-robo.cecenglishcamp.workers.dev/api/ai/chat/completions,"691,694",False,False,True
"grammar-camp/G11/G11_possessive_forms_my,_your,_his,_her.html",AI caller/helper,https://cec-robo.cecenglishcamp.workers.dev/api/ai/chat/completions,"681,684",False,False,True
grammar-camp/G12/G12_there_is___there_are.html,AI caller/helper,https://cec-robo.cecenglishcamp.workers.dev/api/ai/chat/completions,"655,658",False,False,True
"grammar-camp/G13/G13_prepositions_of_place_in,_on,_at.html",AI caller/helper,https://cec-robo.cecenglishcamp.workers.dev/api/ai/chat/completions,"666,669",False,False,True
grammar-camp/G14/G14_prepositions_of_time.html,AI caller/helper,https://cec-robo.cecenglishcamp.workers.dev/api/ai/chat/completions,"666,669",False,False,True
"grammar-camp/G15/G15_demonstratives_this,_that,_these,_those.html",AI caller/helper,https://cec-robo.cecenglishcamp.workers.dev/api/ai/chat/completions,"668,671",False,False,True
grammar-camp/G16/G16_plural_nouns_regular_and_irregular.html,AI caller/helper,https://cec-robo.cecenglishcamp.workers.dev/api/ai/chat/completions,"691,694",False,False,True
"grammar-camp/G17/G17_object_pronouns_me,_you,_him,_her.html",AI caller/helper,https://cec-robo.cecenglishcamp.workers.dev/api/ai/chat/completions,"672,675",False,False,True
grammar-camp/G18/G18_yes_no_questions_and_short_answers.html,AI caller/helper,https://cec-robo.cecenglishcamp.workers.dev/api/ai/chat/completions,"677,680",False,False,True
"grammar-camp/G19/G19_frequency_adverbs_always,_sometimes,_never.html",AI caller/helper,https://cec-robo.cecenglishcamp.workers.dev/api/ai/chat/completions,"666,669",False,False,True
grammar-camp/G20/G20_basic_imperative_commands.html,AI caller/helper,https://cec-robo.cecenglishcamp.workers.dev/api/ai/chat/completions,"671,674",False,False,True
grammar-camp/G21/G21_past_continuous_tense.html,AI caller/helper,https://cec-robo.cecenglishcamp.workers.dev/api/ai/chat/completions,"669,672",False,False,True
grammar-camp/G22/G22_present_perfect_simple_introduction.html,AI caller/helper,https://cec-robo.cecenglishcamp.workers.dev/api/ai/chat/completions,"647,650",False,False,True
"grammar-camp/G23/G23_modal_verbs_must,_have_to,_need_to.html",AI caller/helper,https://cec-robo.cecenglishcamp.workers.dev/api/ai/chat/completions,"646,649",False,False,True
"grammar-camp/G24/G24_some,_any,_no,_none.html",AI caller/helper,https://cec-robo.cecenglishcamp.workers.dev/api/ai/chat/completions,"648,651",False,False,True
grammar-camp/G25/G25_adverbs_of_manner_-ly_adverbs.html,AI caller/helper,https://cec-robo.cecenglishcamp.workers.dev/api/ai/chat/completions,"637,640",False,False,True
"grammar-camp/G26/G26_conjunctions_and,_but,_or,_so.html",AI caller/helper,https://cec-robo.cecenglishcamp.workers.dev/api/ai/chat/completions,"618,621",False,False,True
grammar-camp/G27/G27_like_vs_would_like.html,AI caller/helper,https://cec-robo.cecenglishcamp.workers.dev/api/ai/chat/completions,"635,638",False,False,True
grammar-camp/G28/G28_too_vs_enough.html,AI caller/helper,https://cec-robo.cecenglishcamp.workers.dev/api/ai/chat/completions,"636,639",False,False,True
grammar-camp/G29/G29_first_conditional_if_+_will.html,AI caller/helper,https://cec-robo.cecenglishcamp.workers.dev/api/ai/chat/completions,"635,638",False,False,True
grammar-camp/G30/G30_gerunds_vs_infinitives_basic.html,AI caller/helper,https://cec-robo.cecenglishcamp.workers.dev/api/ai/chat/completions,"636,639",False,False,True
"grammar-camp/G31/G31_relative_pronouns_who,_which,_that.html",AI caller/helper,https://cec-robo.cecenglishcamp.workers.dev/api/ai/chat/completions,"366,369",False,False,True
grammar-camp/G32/G32_past_simple_vs_past_continuous.html,AI caller/helper,https://cec-robo.cecenglishcamp.workers.dev/api/ai/chat/completions,"662,665",False,False,True
grammar-camp/G33/G33_used_to_vs_be_used_to.html,AI caller/helper,https://cec-robo.cecenglishcamp.workers.dev/api/ai/chat/completions,"661,664",False,False,True
grammar-camp/G34/G34_question_tags.html,AI caller/helper,https://cec-robo.cecenglishcamp.workers.dev/api/ai/chat/completions,"605,608",False,False,True
"grammar-camp/G35/G35_reflexive_pronouns_myself,_yourself.html",AI caller/helper,https://cec-robo.cecenglishcamp.workers.dev/api/ai/chat/completions,"476,479",False,False,True
grammar-camp/G36/G36_each_vs_every.html,AI caller/helper,https://cec-robo.cecenglishcamp.workers.dev/api/ai/chat/completions,"393,396",False,False,True
"grammar-camp/G37/G37_both,_either,_neither.html",AI caller/helper,https://cec-robo.cecenglishcamp.workers.dev/api/ai/chat/completions,"394,397",False,False,True
grammar-camp/G38/G38_so_vs_such.html,AI caller/helper,https://cec-robo.cecenglishcamp.workers.dev/api/ai/chat/completions,"394,397",False,False,True
"grammar-camp/G39/G39_still,_yet,_already.html",AI caller/helper,https://cec-robo.cecenglishcamp.workers.dev/api/ai/chat/completions,"395,398",False,False,True
grammar-camp/G40/G40_direct_vs_indirect_speech_basic.html,AI caller/helper,https://cec-robo.cecenglishcamp.workers.dev/api/ai/chat/completions,"658,661",False,False,True
grammar-camp/G41/G41_present_perfect_vs_past_simple.html,AI caller/helper,https://cec-robo.cecenglishcamp.workers.dev/api/ai/chat/completions,"667,670",False,False,True
grammar-camp/G42/G42_present_perfect_continuous.html,AI caller/helper,https://cec-robo.cecenglishcamp.workers.dev/api/ai/chat/completions,"628,631",False,False,True
grammar-camp/G43/G43_past_perfect_simple.html,AI caller/helper,https://cec-robo.cecenglishcamp.workers.dev/api/ai/chat/completions,"551,554",False,False,True
grammar-camp/G44/G44_future_perfect.html,AI caller/helper,https://cec-robo.cecenglishcamp.workers.dev/api/ai/chat/completions,"540,543",False,False,True
"grammar-camp/G45/G45_modal_verbs_might,_may,_could_for_possibility.html",AI caller/helper,https://cec-robo.cecenglishcamp.workers.dev/api/ai/chat/completions,"551,554",False,False,True
grammar-camp/G46/G46_second_conditional_if_+_would.html,AI caller/helper,https://cec-robo.cecenglishcamp.workers.dev/api/ai/chat/completions,"545,548",False,False,True
grammar-camp/G47/G47_third_conditional_if_+_had_+_would_have.html,AI caller/helper,https://cec-robo.cecenglishcamp.workers.dev/api/ai/chat/completions,"548,551",False,False,True
grammar-camp/G48/G48_passive_voice_present_and_past.html,AI caller/helper,https://cec-robo.cecenglishcamp.workers.dev/api/ai/chat/completions,"665,668",False,False,True
"grammar-camp/G49/G49_causative_verbs_have,_get,_make,_let.html",AI caller/helper,https://cec-robo.cecenglishcamp.workers.dev/api/ai/chat/completions,"658,661",False,False,True
grammar-camp/G50/G50_gerunds_and_infinitives_advanced.html,AI caller/helper,https://cec-robo.cecenglishcamp.workers.dev/api/ai/chat/completions,"634,637",False,False,True
grammar-camp/G51/G51_phrasal_verbs_separable_and_inseparable.html,AI caller/helper,https://cec-robo.cecenglishcamp.workers.dev/api/ai/chat/completions,"513,516",False,False,True
grammar-camp/G52/G52_relative_clauses_defining_and_non-defining.html,AI caller/helper,https://cec-robo.cecenglishcamp.workers.dev/api/ai/chat/completions,"491,494",False,False,True
grammar-camp/G53/G53_reported_speech_statements_and_questions.html,AI caller/helper,https://cec-robo.cecenglishcamp.workers.dev/api/ai/chat/completions,"498,501",False,False,True
grammar-camp/G54/G54_wish_and_if_only.html,AI caller/helper,https://cec-robo.cecenglishcamp.workers.dev/api/ai/chat/completions,"500,503",False,False,True
grammar-camp/G55/G55_articles_advanced_usage.html,AI caller/helper,https://cec-robo.cecenglishcamp.workers.dev/api/ai/chat/completions,"507,510",False,False,True
grammar-camp/G56/G56_quantifiers_much_many_few_little.html,AI caller/helper,https://cec-robo.cecenglishcamp.workers.dev/api/ai/chat/completions,"645,648",False,False,True
"grammar-camp/G57/G57_linking_words_however,_therefore,_although.html",AI caller/helper,https://cec-robo.cecenglishcamp.workers.dev/api/ai/chat/completions,"652,655",False,False,True
grammar-camp/G58/G58_emphasis_do_does_did_for_emphasis.html,AI caller/helper,https://cec-robo.cecenglishcamp.workers.dev/api/ai/chat/completions,"547,550",False,False,True
grammar-camp/G59/G59_cleft_sentences_it_is..._who_that.html,AI caller/helper,https://cec-robo.cecenglishcamp.workers.dev/api/ai/chat/completions,"456,459",False,False,True
grammar-camp/G60/G60_mixed_conditionals.html,AI caller/helper,https://cec-robo.cecenglishcamp.workers.dev/api/ai/chat/completions,"452,455",False,False,True
grammar-camp/G61/G61_future_in_the_past_was_going_to.html,AI caller/helper,https://cec-robo.cecenglishcamp.workers.dev/api/ai/chat/completions,"455,458",False,False,True
grammar-camp/G62/G62_participle_clauses.html,AI caller/helper,https://cec-robo.cecenglishcamp.workers.dev/api/ai/chat/completions,"448,451",False,False,True
grammar-camp/G63/G63_inversion_advanced_word_order.html,AI caller/helper,https://cec-robo.cecenglishcamp.workers.dev/api/ai/chat/completions,"448,451",False,False,True
grammar-camp/G64/G64_subjunctive_mood.html,AI caller/helper,https://cec-robo.cecenglishcamp.workers.dev/api/ai/chat/completions,"697,700",False,False,True
grammar-camp/G65/G65_double_comparatives_the_more..._the_more.html,AI caller/helper,https://cec-robo.cecenglishcamp.workers.dev/api/ai/chat/completions,"670,673",False,False,True
grammar-camp/G66/G66_advanced_passive_voice_all_tenses.html,AI caller/helper,https://cec-robo.cecenglishcamp.workers.dev/api/ai/chat/completions,"543,546",False,False,True
"grammar-camp/G67/G67_modals_of_deduction_must_have,_can't_have.html",AI caller/helper,https://cec-robo.cecenglishcamp.workers.dev/api/ai/chat/completions,"383,386",False,False,True
"grammar-camp/G68/G68_advanced_conditionals_unless,_provided_that.html",AI caller/helper,https://cec-robo.cecenglishcamp.workers.dev/api/ai/chat/completions,"366,369",False,False,True
grammar-camp/G69/G69_nominal_clauses_that-clauses.html,AI caller/helper,https://cec-robo.cecenglishcamp.workers.dev/api/ai/chat/completions,"317,320",False,False,True
grammar-camp/G70/G70_advanced_relative_clauses.html,AI caller/helper,https://cec-robo.cecenglishcamp.workers.dev/api/ai/chat/completions,"316,319",False,False,True
grammar-camp/G71/G71_complex_phrasal_verbs.html,AI caller/helper,https://cec-robo.cecenglishcamp.workers.dev/api/ai/chat/completions,"317,320",False,False,True
grammar-camp/G72/G72_advanced_reported_speech.html,AI caller/helper,https://cec-robo.cecenglishcamp.workers.dev/api/ai/chat/completions,"317,320",False,False,True
grammar-camp/G73/G73_ellipsis_and_substitution.html,AI caller/helper,https://cec-robo.cecenglishcamp.workers.dev/api/ai/chat/completions,"664,667",False,False,True
grammar-camp/G74/G74_advanced_linking_devices.html,AI caller/helper,https://cec-robo.cecenglishcamp.workers.dev/api/ai/chat/completions,"661,664",False,False,True
"grammar-camp/G75/G75_hedging_language_seems,_appears,_tend_to.html",AI caller/helper,https://cec-robo.cecenglishcamp.workers.dev/api/ai/chat/completions,"476,479",False,False,True
grammar-camp/G76/G76_fronting_and_inversion.html,AI caller/helper,https://cec-robo.cecenglishcamp.workers.dev/api/ai/chat/completions,"364,367",False,False,True
grammar-camp/G77/G77_complex_sentence_structures.html,AI caller/helper,https://cec-robo.cecenglishcamp.workers.dev/api/ai/chat/completions,"361,364",False,False,True
grammar-camp/G78/G78_advanced_gerunds_and_infinitives.html,AI caller/helper,https://cec-robo.cecenglishcamp.workers.dev/api/ai/chat/completions,"364,367",False,False,True
grammar-camp/G79/G79_nominalization.html,AI caller/helper,https://cec-robo.cecenglishcamp.workers.dev/api/ai/chat/completions,"362,365",False,False,True
grammar-camp/G80/G80_advanced_articles_and_determiners.html,AI caller/helper,https://cec-robo.cecenglishcamp.workers.dev/api/ai/chat/completions,"365,368",False,False,True
helpdesk-robo-preview.html,auth/integration,https://cec-robo-router-preview.cecenglishcamp.workers.dev/robo/v1/inquiries,157,False,False,False
lessons/grade3/week01.html,AI caller/helper,https://api.cecenglishcamp.com/api/ai/chat/completions,"674,680",False,False,True
worker/src/index.js,auth/integration,,2,False,False,False
worker/wrangler.toml,auth/integration,,,False,False,False
